<?xml version="1.0" encoding="UTF-8"?><ImplementationGuide xmlns="http://hl7.org/fhir"><id value="1"/><text><status value="generated"/><div xmlns="http://www.w3.org/1999/xhtml"><h2>Standard Death Record FHIR Profiles</h2><p>The official URL for this implementation guide is: </p><pre>http://nightingaleproject.github.io/fhirDeathRecord/ImplementationGuide/1</pre></div></text><url value="http://nightingaleproject.github.io/fhirDeathRecord/ImplementationGuide/1"/><name value="Standard Death Record FHIR Profiles"/><status value="draft"/><fhirVersion value="3.0.1"/><package id="p1"><name value="Profiles in this Implementation Guide"/><resource><extension url="http://hl7.org/fhir/StructureDefinition/implementationguide-page"><valueUri value="StructureDefinition-sdr-causeOfDeath-ActualOrPresumedDateOfDeath.html"/></extension><example value="false"/><sourceReference><reference value="StructureDefinition/sdr-causeOfDeath-ActualOrPresumedDateOfDeath"/><display value="SDR ActualOrPresumedDateOfDeath Profile"/></sourceReference></resource><resource><extension url="http://hl7.org/fhir/StructureDefinition/implementationguide-page"><valueUri value="StructureDefinition-sdr-causeOfDeath-AutopsyPerformed.html"/></extension><example value="false"/><sourceReference><reference value="StructureDefinition/sdr-causeOfDeath-AutopsyPerformed"/><display value="SDR AutopsyPerformed Profile"/></sourceReference></resource><resource><extension url="http://hl7.org/fhir/StructureDefinition/implementationguide-page"><valueUri value="StructureDefinition-sdr-causeOfDeath-AutopsyResultsAvailable.html"/></extension><example value="false"/><sourceReference><reference value="StructureDefinition/sdr-causeOfDeath-AutopsyResultsAvailable"/><display value="SDR AutopsyResultsAvailable Profile"/></sourceReference></resource><resource><extension url="http://hl7.org/fhir/StructureDefinition/implementationguide-page"><valueUri value="StructureDefinition-sdr-causeOfDeath-CauseOfDeathCondition.html"/></extension><example value="false"/><sourceReference><reference value="StructureDefinition/sdr-causeOfDeath-CauseOfDeathCondition"/><display value="SDR CauseOfDeathCondition Profile"/></sourceReference></resource><resource><extension url="http://hl7.org/fhir/StructureDefinition/implementationguide-page"><valueUri value="StructureDefinition-sdr-deathRecord-Certifier.html"/></extension><example value="false"/><sourceReference><reference value="StructureDefinition/sdr-deathRecord-Certifier"/><display value="SDR Certifier Profile"/></sourceReference></resource><resource><extension url="http://hl7.org/fhir/StructureDefinition/implementationguide-page"><valueUri value="StructureDefinition-shr-base-Condition.html"/></extension><example value="false"/><sourceReference><reference value="StructureDefinition/shr-base-Condition"/><display value="SDR Condition Profile"/></sourceReference></resource><resource><extension url="http://hl7.org/fhir/StructureDefinition/implementationguide-page"><valueUri value="StructureDefinition-sdr-causeOfDeath-ContributedToDeathCondition.html"/></extension><example value="false"/><sourceReference><reference value="StructureDefinition/sdr-causeOfDeath-ContributedToDeathCondition"/><display value="SDR ContributedToDeathCondition Profile"/></sourceReference></resource><resource><extension url="http://hl7.org/fhir/StructureDefinition/implementationguide-page"><valueUri value="StructureDefinition-sdr-causeOfDeath-DatePronouncedDead.html"/></extension><example value="false"/><sourceReference><reference value="StructureDefinition/sdr-causeOfDeath-DatePronouncedDead"/><display value="SDR DatePronouncedDead Profile"/></sourceReference></resource><resource><extension url="http://hl7.org/fhir/StructureDefinition/implementationguide-page"><valueUri value="StructureDefinition-sdr-causeOfDeath-DeathFromTransportInjury.html"/></extension><example value="false"/><sourceReference><reference value="StructureDefinition/sdr-causeOfDeath-DeathFromTransportInjury"/><display value="SDR DeathFromTransportInjury Profile"/></sourceReference></resource><resource><extension url="http://hl7.org/fhir/StructureDefinition/implementationguide-page"><valueUri value="StructureDefinition-sdr-causeOfDeath-DeathFromWorkInjury.html"/></extension><example value="false"/><sourceReference><reference value="StructureDefinition/sdr-causeOfDeath-DeathFromWorkInjury"/><display value="SDR DeathFromWorkInjury Profile"/></sourceReference></resource><resource><extension url="http://hl7.org/fhir/StructureDefinition/implementationguide-page"><valueUri value="StructureDefinition-sdr-deathRecord-DeathRecordContents.html"/></extension><example value="false"/><sourceReference><reference value="StructureDefinition/sdr-deathRecord-DeathRecordContents"/><display value="SDR DeathRecordContents Profile"/></sourceReference></resource><resource><extension url="http://hl7.org/fhir/StructureDefinition/implementationguide-page"><valueUri value="StructureDefinition-sdr-deathRecord-DeathRecord.html"/></extension><example value="false"/><sourceReference><reference value="StructureDefinition/sdr-deathRecord-DeathRecord"/><display value="SDR DeathRecord Profile"/></sourceReference></resource><resource><extension url="http://hl7.org/fhir/StructureDefinition/implementationguide-page"><valueUri value="StructureDefinition-sdr-decedent-DecedentID.html"/></extension><example value="false"/><sourceReference><reference value="StructureDefinition/sdr-decedent-DecedentID"/><display value="SDR DecedentID Profile"/></sourceReference></resource><resource><extension url="http://hl7.org/fhir/StructureDefinition/implementationguide-page"><valueUri value="StructureDefinition-sdr-decedent-Decedent.html"/></extension><example value="false"/><sourceReference><reference value="StructureDefinition/sdr-decedent-Decedent"/><display value="SDR Decedent Profile"/></sourceReference></resource><resource><extension url="http://hl7.org/fhir/StructureDefinition/implementationguide-page"><valueUri value="StructureDefinition-sdr-causeOfDeath-DetailsOfInjury.html"/></extension><example value="false"/><sourceReference><reference value="StructureDefinition/sdr-causeOfDeath-DetailsOfInjury"/><display value="SDR DetailsOfInjury Profile"/></sourceReference></resource><resource><extension url="http://hl7.org/fhir/StructureDefinition/implementationguide-page"><valueUri value="StructureDefinition-shr-base-Entry.html"/></extension><example value="false"/><sourceReference><reference value="StructureDefinition/shr-base-Entry"/><display value="SDR Entry Profile"/></sourceReference></resource><resource><extension url="http://hl7.org/fhir/StructureDefinition/implementationguide-page"><valueUri value="StructureDefinition-sdr-deathRecord-FuneralDirector.html"/></extension><example value="false"/><sourceReference><reference value="StructureDefinition/sdr-deathRecord-FuneralDirector"/><display value="SDR FuneralDirector Profile"/></sourceReference></resource><resource><extension url="http://hl7.org/fhir/StructureDefinition/implementationguide-page"><valueUri value="StructureDefinition-sdr-causeOfDeath-MannerOfDeath.html"/></extension><example value="false"/><sourceReference><reference value="StructureDefinition/sdr-causeOfDeath-MannerOfDeath"/><display value="SDR MannerOfDeath Profile"/></sourceReference></resource><resource><extension url="http://hl7.org/fhir/StructureDefinition/implementationguide-page"><valueUri value="StructureDefinition-sdr-causeOfDeath-MedicalExaminerContacted.html"/></extension><example value="false"/><sourceReference><reference value="StructureDefinition/sdr-causeOfDeath-MedicalExaminerContacted"/><display value="SDR MedicalExaminerContacted Profile"/></sourceReference></resource><resource><extension url="http://hl7.org/fhir/StructureDefinition/implementationguide-page"><valueUri value="StructureDefinition-shr-base-Observation.html"/></extension><example value="false"/><sourceReference><reference value="StructureDefinition/shr-base-Observation"/><display value="SDR Observation Profile"/></sourceReference></resource><resource><extension url="http://hl7.org/fhir/StructureDefinition/implementationguide-page"><valueUri value="StructureDefinition-shr-core-PostalAddress.html"/></extension><example value="false"/><sourceReference><reference value="StructureDefinition/shr-core-PostalAddress"/><display value="SDR PostalAddress Profile"/></sourceReference></resource><resource><extension url="http://hl7.org/fhir/StructureDefinition/implementationguide-page"><valueUri value="StructureDefinition-sdr-decedent-SocialSecurityNumber.html"/></extension><example value="false"/><sourceReference><reference value="StructureDefinition/sdr-decedent-SocialSecurityNumber"/><display value="SDR SocialSecurityNumber Profile"/></sourceReference></resource><resource><extension url="http://hl7.org/fhir/StructureDefinition/implementationguide-page"><valueUri value="StructureDefinition-sdr-causeOfDeath-TimingOfRecentPregnancyInRelationToDeath.html"/></extension><example value="false"/><sourceReference><reference value="StructureDefinition/sdr-causeOfDeath-TimingOfRecentPregnancyInRelationToDeath"/><display value="SDR TimingOfRecentPregnancyInRelationToDeath Profile"/></sourceReference></resource><resource><extension url="http://hl7.org/fhir/StructureDefinition/implementationguide-page"><valueUri value="StructureDefinition-sdr-causeOfDeath-TobaccoUseContributedToDeath.html"/></extension><example value="false"/><sourceReference><reference value="StructureDefinition/sdr-causeOfDeath-TobaccoUseContributedToDeath"/><display value="SDR TobaccoUseContributedToDeath Profile"/></sourceReference></resource><resource><extension url="http://hl7.org/fhir/StructureDefinition/implementationguide-page"><valueUri value="StructureDefinition-sdr-decedent-Age-extension.html"/></extension><example value="false"/><sourceReference><reference value="StructureDefinition/sdr-decedent-Age-extension"/><display value="SDR Age Extension"/></sourceReference></resource><resource><extension url="http://hl7.org/fhir/StructureDefinition/implementationguide-page"><valueUri value="StructureDefinition-sdr-decedent-Birthplace-extension.html"/></extension><example value="false"/><sourceReference><reference value="StructureDefinition/sdr-decedent-Birthplace-extension"/><display value="SDR Birthplace Extension"/></sourceReference></resource><resource><extension url="http://hl7.org/fhir/StructureDefinition/implementationguide-page"><valueUri value="StructureDefinition-sdr-deathRecord-CertifierType-extension.html"/></extension><example value="false"/><sourceReference><reference value="StructureDefinition/sdr-deathRecord-CertifierType-extension"/><display value="SDR CertifierType Extension"/></sourceReference></resource><resource><extension url="http://hl7.org/fhir/StructureDefinition/implementationguide-page"><valueUri value="StructureDefinition-sdr-decedent-Disposition-extension.html"/></extension><example value="false"/><sourceReference><reference value="StructureDefinition/sdr-decedent-Disposition-extension"/><display value="SDR Disposition Extension"/></sourceReference></resource><resource><extension url="http://hl7.org/fhir/StructureDefinition/implementationguide-page"><valueUri value="StructureDefinition-sdr-decedent-DispositionFacility-extension.html"/></extension><example value="false"/><sourceReference><reference value="StructureDefinition/sdr-decedent-DispositionFacility-extension"/><display value="SDR DispositionFacility Extension"/></sourceReference></resource><resource><extension url="http://hl7.org/fhir/StructureDefinition/implementationguide-page"><valueUri value="StructureDefinition-sdr-decedent-DispositionType-extension.html"/></extension><example value="false"/><sourceReference><reference value="StructureDefinition/sdr-decedent-DispositionType-extension"/><display value="SDR DispositionType Extension"/></sourceReference></resource><resource><extension url="http://hl7.org/fhir/StructureDefinition/implementationguide-page"><valueUri value="StructureDefinition-sdr-decedent-Education-extension.html"/></extension><example value="false"/><sourceReference><reference value="StructureDefinition/sdr-decedent-Education-extension"/><display value="SDR Education Extension"/></sourceReference></resource><resource><extension url="http://hl7.org/fhir/StructureDefinition/implementationguide-page"><valueUri value="StructureDefinition-sdr-decedent-FacilityName-extension.html"/></extension><example value="false"/><sourceReference><reference value="StructureDefinition/sdr-decedent-FacilityName-extension"/><display value="SDR FacilityName Extension"/></sourceReference></resource><resource><extension url="http://hl7.org/fhir/StructureDefinition/implementationguide-page"><valueUri value="StructureDefinition-sdr-decedent-FuneralFacility-extension.html"/></extension><example value="false"/><sourceReference><reference value="StructureDefinition/sdr-decedent-FuneralFacility-extension"/><display value="SDR FuneralFacility Extension"/></sourceReference></resource><resource><extension url="http://hl7.org/fhir/StructureDefinition/implementationguide-page"><valueUri value="StructureDefinition-sdr-decedent-Industry-extension.html"/></extension><example value="false"/><sourceReference><reference value="StructureDefinition/sdr-decedent-Industry-extension"/><display value="SDR Industry Extension"/></sourceReference></resource><resource><extension url="http://hl7.org/fhir/StructureDefinition/implementationguide-page"><valueUri value="StructureDefinition-shr-core-InsideCityLimits-extension.html"/></extension><example value="false"/><sourceReference><reference value="StructureDefinition/shr-core-InsideCityLimits-extension"/><display value="SDR InsideCityLimits Extension"/></sourceReference></resource><resource><extension url="http://hl7.org/fhir/StructureDefinition/implementationguide-page"><valueUri value="StructureDefinition-sdr-decedent-Job-extension.html"/></extension><example value="false"/><sourceReference><reference value="StructureDefinition/sdr-decedent-Job-extension"/><display value="SDR Job Extension"/></sourceReference></resource><resource><extension url="http://hl7.org/fhir/StructureDefinition/implementationguide-page"><valueUri value="StructureDefinition-sdr-decedent-MaritalStatusAtDeath-extension.html"/></extension><example value="false"/><sourceReference><reference value="StructureDefinition/sdr-decedent-MaritalStatusAtDeath-extension"/><display value="SDR MaritalStatusAtDeath Extension"/></sourceReference></resource><resource><extension url="http://hl7.org/fhir/StructureDefinition/implementationguide-page"><valueUri value="StructureDefinition-sdr-decedent-Occupation-extension.html"/></extension><example value="false"/><sourceReference><reference value="StructureDefinition/sdr-decedent-Occupation-extension"/><display value="SDR Occupation Extension"/></sourceReference></resource><resource><extension url="http://hl7.org/fhir/StructureDefinition/implementationguide-page"><valueUri value="StructureDefinition-sdr-decedent-PlaceOfDeath-extension.html"/></extension><example value="false"/><sourceReference><reference value="StructureDefinition/sdr-decedent-PlaceOfDeath-extension"/><display value="SDR PlaceOfDeath Extension"/></sourceReference></resource><resource><extension url="http://hl7.org/fhir/StructureDefinition/implementationguide-page"><valueUri value="StructureDefinition-sdr-decedent-PlaceOfDeathType-extension.html"/></extension><example value="false"/><sourceReference><reference value="StructureDefinition/sdr-decedent-PlaceOfDeathType-extension"/><display value="SDR PlaceOfDeathType Extension"/></sourceReference></resource><resource><extension url="http://hl7.org/fhir/StructureDefinition/implementationguide-page"><valueUri value="StructureDefinition-sdr-causeOfDeath-PlaceOfInjury-extension.html"/></extension><example value="false"/><sourceReference><reference value="StructureDefinition/sdr-causeOfDeath-PlaceOfInjury-extension"/><display value="SDR PlaceOfInjury Extension"/></sourceReference></resource><resource><extension url="http://hl7.org/fhir/StructureDefinition/implementationguide-page"><valueUri value="StructureDefinition-shr-core-PostalAddress-extension.html"/></extension><example value="false"/><sourceReference><reference value="StructureDefinition/shr-core-PostalAddress-extension"/><display value="SDR PostalAddress Extension"/></sourceReference></resource><resource><extension url="http://hl7.org/fhir/StructureDefinition/implementationguide-page"><valueUri value="StructureDefinition-sdr-decedent-ServedInArmedForces-extension.html"/></extension><example value="false"/><sourceReference><reference value="StructureDefinition/sdr-decedent-ServedInArmedForces-extension"/><display value="SDR ServedInArmedForces Extension"/></sourceReference></resource><resource><extension url="http://hl7.org/fhir/StructureDefinition/implementationguide-page"><valueUri value="ValueSet-sdr-deathRecord-CertifierTypeVS.html"/></extension><example value="false"/><sourceReference><reference value="ValueSet/sdr-deathRecord-CertifierTypeVS"/><display value="SDR CertifierTypeVS ValueSet"/></sourceReference></resource><resource><extension url="http://hl7.org/fhir/StructureDefinition/implementationguide-page"><valueUri value="ValueSet-sdr-causeOfDeath-ContributoryTobaccoUseVS.html"/></extension><example value="false"/><sourceReference><reference value="ValueSet/sdr-causeOfDeath-ContributoryTobaccoUseVS"/><display value="SDR ContributoryTobaccoUseVS ValueSet"/></sourceReference></resource><resource><extension url="http://hl7.org/fhir/StructureDefinition/implementationguide-page"><valueUri value="ValueSet-sdr-decedent-DispositionTypeVS.html"/></extension><example value="false"/><sourceReference><reference value="ValueSet/sdr-decedent-DispositionTypeVS"/><display value="SDR DispositionTypeVS ValueSet"/></sourceReference></resource><resource><extension url="http://hl7.org/fhir/StructureDefinition/implementationguide-page"><valueUri value="ValueSet-sdr-decedent-EducationVS.html"/></extension><example value="false"/><sourceReference><reference value="ValueSet/sdr-decedent-EducationVS"/><display value="SDR EducationVS ValueSet"/></sourceReference></resource><resource><extension url="http://hl7.org/fhir/StructureDefinition/implementationguide-page"><valueUri value="ValueSet-sdr-causeOfDeath-MannerOfDeathVS.html"/></extension><example value="false"/><sourceReference><reference value="ValueSet/sdr-causeOfDeath-MannerOfDeathVS"/><display value="SDR MannerOfDeathVS ValueSet"/></sourceReference></resource><resource><extension url="http://hl7.org/fhir/StructureDefinition/implementationguide-page"><valueUri value="ValueSet-sdr-decedent-PlaceOfDeathTypeVS.html"/></extension><example value="false"/><sourceReference><reference value="ValueSet/sdr-decedent-PlaceOfDeathTypeVS"/><display value="SDR PlaceOfDeathTypeVS ValueSet"/></sourceReference></resource><resource><extension url="http://hl7.org/fhir/StructureDefinition/implementationguide-page"><valueUri value="ValueSet-sdr-causeOfDeath-PregnancyStatusVS.html"/></extension><example value="false"/><sourceReference><reference value="ValueSet/sdr-causeOfDeath-PregnancyStatusVS"/><display value="SDR PregnancyStatusVS ValueSet"/></sourceReference></resource><resource><extension url="http://hl7.org/fhir/StructureDefinition/implementationguide-page"><valueUri value="ValueSet-sdr-causeOfDeath-TransportRelationshipsVS.html"/></extension><example value="false"/><sourceReference><reference value="ValueSet/sdr-causeOfDeath-TransportRelationshipsVS"/><display value="SDR TransportRelationshipsVS ValueSet"/></sourceReference></resource><resource><extension url="http://hl7.org/fhir/StructureDefinition/implementationguide-page"><valueUri value="CodeSystem-sdr-decedent-EducationCS.html"/></extension><example value="false"/><sourceReference><reference value="CodeSystem/sdr-decedent-EducationCS"/><display value="SDR EducationCS CodeSystem"/></sourceReference></resource><resource><extension url="http://hl7.org/fhir/StructureDefinition/implementationguide-page"><valueUri value="CodeSystem-sdr-causeOfDeath-PregnancyStatusCS.html"/></extension><example value="false"/><sourceReference><reference value="CodeSystem/sdr-causeOfDeath-PregnancyStatusCS"/><display value="SDR PregnancyStatusCS CodeSystem"/></sourceReference></resource><resource><extension url="http://hl7.org/fhir/StructureDefinition/implementationguide-page"><valueUri value="Observation-ActualOrPresumedDateOfDeath.html"/></extension><example value="true"/><sourceReference><reference value="Observation/ActualOrPresumedDateOfDeath"/></sourceReference></resource><resource><extension url="http://hl7.org/fhir/StructureDefinition/implementationguide-page"><valueUri value="Observation-AutopsyPerformed.html"/></extension><example value="true"/><sourceReference><reference value="Observation/AutopsyPerformed"/></sourceReference></resource><resource><extension url="http://hl7.org/fhir/StructureDefinition/implementationguide-page"><valueUri value="Observation-AutopsyResultsAvailable.html"/></extension><example value="true"/><sourceReference><reference value="Observation/AutopsyResultsAvailable"/></sourceReference></resource><resource><extension url="http://hl7.org/fhir/StructureDefinition/implementationguide-page"><valueUri value="Condition-CauseOfDeathCondition.html"/></extension><example value="true"/><sourceReference><reference value="Condition/CauseOfDeathCondition"/></sourceReference></resource><resource><extension url="http://hl7.org/fhir/StructureDefinition/implementationguide-page"><valueUri value="Practitioner-Certifier.html"/></extension><example value="true"/><sourceReference><reference value="Practitioner/Certifier"/></sourceReference></resource><resource><extension url="http://hl7.org/fhir/StructureDefinition/implementationguide-page"><valueUri value="Observation-DatePronouncedDead.html"/></extension><example value="true"/><sourceReference><reference value="Observation/DatePronouncedDead"/></sourceReference></resource><resource><extension url="http://hl7.org/fhir/StructureDefinition/implementationguide-page"><valueUri value="Observation-DeathFromWorkInjury.html"/></extension><example value="true"/><sourceReference><reference value="Observation/DeathFromWorkInjury"/></sourceReference></resource><resource><extension url="http://hl7.org/fhir/StructureDefinition/implementationguide-page"><valueUri value="Composition-DeathRecordContents.html"/></extension><example value="true"/><sourceReference><reference value="Composition/DeathRecordContents"/></sourceReference></resource><resource><extension url="http://hl7.org/fhir/StructureDefinition/implementationguide-page"><valueUri value="Patient-Decedent.html"/></extension><example value="true"/><sourceReference><reference value="Patient/Decedent"/></sourceReference></resource><resource><extension url="http://hl7.org/fhir/StructureDefinition/implementationguide-page"><valueUri value="Observation-MannerOfDeath.html"/></extension><example value="true"/><sourceReference><reference value="Observation/MannerOfDeath"/></sourceReference></resource><resource><extension url="http://hl7.org/fhir/StructureDefinition/implementationguide-page"><valueUri value="Observation-MedicalExaminerContacted.html"/></extension><example value="true"/><sourceReference><reference value="Observation/MedicalExaminerContacted"/></sourceReference></resource><resource><extension url="http://hl7.org/fhir/StructureDefinition/implementationguide-page"><valueUri value="Observation-TimingOfRecentPregnancyInRelationToDeath.html"/></extension><example value="true"/><sourceReference><reference value="Observation/TimingOfRecentPregnancyInRelationToDeath"/></sourceReference></resource><resource><extension url="http://hl7.org/fhir/StructureDefinition/implementationguide-page"><valueUri value="Observation-TobaccoUseContributedToDeath.html"/></extension><example value="true"/><sourceReference><reference value="Observation/TobaccoUseContributedToDeath"/></sourceReference></resource></package><page><source value="index.html"/><title value="Standard Death Record"/><kind value="page"/></page></ImplementationGuide>