{
  "resourceType": "Observation",
  "id": "DatePronouncedDead",
  "meta": {
    "profile": [
      "http://nightingaleproject.github.io/fhirDeathRecord/StructureDefinition/sdr-causeOfDeath-DatePronouncedDead"
    ]
  },
  "text": {
    "status": "generated",
    "div": "<div xmlns=\"http://www.w3.org/1999/xhtml\"><p><b>Generated Narrative with Details</b></p><p><b>id</b>: DatePronouncedDead</p><p><b>meta</b>: </p><p><b>status</b>: final</p><p><b>code</b>: Date and time pronounced dead <span style=\"background: LightGoldenRodYellow\">(Details : {LOINC code '80616-6' = 'Date and time pronounced dead [US Standard Certificate of Death]', given as 'Date and time pronounced dead'})</span></p><p><b>subject</b>: <a href=\"Patient-Decedent.html\">Generated Summary: id: Decedent; Social Beneficiary Identifier = 123-45-6789 (OFFICIAL); John L. Palmer(OFFICIAL); gender: male; birthDate: Apr 23, 1911; deceased</a></p><p><b>value</b>: Jun 20, 2003 12:00:00 AM</p></div>"
  },
  "status": "final",
  "code": {
    "coding": [
      {
        "system": "http://loinc.org",
        "code": "80616-6",
        "display": "Date and time pronounced dead"
      }
    ]
  },
  "subject": {
    "reference": "Patient/Decedent"
  },
  "valueDateTime": "2003-06-20T00:00:00+00:00"
}