{
  "resourceType": "StructureDefinition",
  "id": "sdr-decedent-FuneralFacility-extension",
  "text": {
    "status": "generated",
    "div": "<div xmlns=\"http://www.w3.org/1999/xhtml\">\n  <p><b>SDR FuneralFacility Extension</b></p>\n  <p>Name and address of the funeral facility. Corresponds to item 21 of the [U.S. Standard Certificate of Death](https://www.cdc.gov/nchs/data/dvs/DEATH11-03final-ACC.pdf).</p>\n</div>"
  },
  "url": "http://nightingaleproject.github.io/fhirDeathRecord/StructureDefinition/sdr-decedent-FuneralFacility-extension",
  "identifier": [
    {
      "system": "http://github.com/nightingaleproject/fhirDeathRecord",
      "value": "sdr.decedent.FuneralFacility"
    }
  ],
  "version": "0.1.0",
  "name": "FuneralFacilityExtension",
  "title": "SDR FuneralFacility Extension",
  "status": "draft",
  "date": "2018-04-18T00:00:00-04:00",
  "publisher": "The MITRE Corporation: Nightingale Project",
  "contact": [
    {
      "telecom": [
        {
          "system": "url",
          "value": "http://github.com/nightingaleproject/fhirDeathRecord"
        }
      ]
    }
  ],
  "description": "Name and address of the funeral facility. Corresponds to item 21 of the [U.S. Standard Certificate of Death](https://www.cdc.gov/nchs/data/dvs/DEATH11-03final-ACC.pdf).",
  "fhirVersion": "3.0.1",
  "kind": "complex-type",
  "abstract": false,
  "contextType": "resource",
  "context": [
    "*"
  ],
  "type": "Extension",
  "baseDefinition": "http://hl7.org/fhir/StructureDefinition/Extension",
  "derivation": "constraint",
  "snapshot": {
    "element": [
      {
        "id": "Extension:funeralfacility",
        "path": "Extension",
        "short": "SDR FuneralFacility Extension",
        "definition": "Name and address of the funeral facility. Corresponds to item 21 of the [U.S. Standard Certificate of Death](https://www.cdc.gov/nchs/data/dvs/DEATH11-03final-ACC.pdf).",
        "min": 0,
        "max": "*",
        "base": {
          "path": "Extension",
          "min": 0,
          "max": "1"
        },
        "condition": [
          "ele-1"
        ],
        "constraint": [
          {
            "key": "ele-1",
            "severity": "error",
            "human": "All FHIR elements must have a @value or children",
            "expression": "children().count() > id.count()",
            "xpath": "@value|f:*|h:div",
            "source": "Element"
          },
          {
            "key": "ext-1",
            "severity": "error",
            "human": "Must have either extensions or value[x], not both",
            "expression": "extension.exists() != value.exists()",
            "xpath": "exists(f:extension)!=exists(f:*[starts-with(local-name(.), 'value')])",
            "source": "Extension"
          }
        ]
      },
      {
        "id": "Extension:funeralfacility.id",
        "path": "Extension.id",
        "representation": [
          "xmlAttr"
        ],
        "short": "xml:id (or equivalent in JSON)",
        "definition": "unique id for the element within a resource (for internal references). This may be any string value that does not contain spaces.",
        "min": 0,
        "max": "1",
        "base": {
          "path": "Element.id",
          "min": 0,
          "max": "1"
        },
        "type": [
          {
            "code": "string"
          }
        ],
        "mapping": [
          {
            "identity": "rim",
            "map": "N/A"
          }
        ]
      },
      {
        "id": "Extension:funeralfacility.extension",
        "path": "Extension.extension",
        "slicing": {
          "id": "1",
          "discriminator": [
            {
              "type": "value",
              "path": "url"
            }
          ],
          "ordered": false,
          "rules": "open"
        },
        "short": "Extension",
        "definition": "An Extension",
        "min": 0,
        "max": "*",
        "base": {
          "path": "Element.extension",
          "min": 0,
          "max": "*"
        },
        "type": [
          {
            "code": "Extension"
          }
        ]
      },
      {
        "id": "Extension:funeralfacility.extension:facilityname",
        "path": "Extension.extension",
        "sliceName": "facilityname",
        "definition": "The name of a facility or institution",
        "min": 1,
        "max": "1",
        "base": {
          "path": "Extension.extension",
          "min": 0,
          "max": "1"
        },
        "type": [
          {
            "code": "Extension",
            "profile": "http://nightingaleproject.github.io/fhirDeathRecord/StructureDefinition/sdr-decedent-FacilityName-extension"
          }
        ],
        "isModifier": false,
        "mapping": [
          {
            "identity": "rim",
            "map": "N/A"
          }
        ]
      },
      {
        "id": "Extension:funeralfacility.extension:postaladdress",
        "path": "Extension.extension",
        "sliceName": "postaladdress",
        "definition": "An address expressed using postal conventions (as opposed to GPS or other location definition formats). This data type may be used to convey addresses for use in delivering mail as well as for visiting locations and which might not be valid for mail delivery. There are a variety of postal address formats defined around the world. (Source: HL7 FHIR).",
        "min": 1,
        "max": "1",
        "base": {
          "path": "Extension.extension",
          "min": 0,
          "max": "1"
        },
        "type": [
          {
            "code": "Extension",
            "profile": "http://nightingaleproject.github.io/fhirDeathRecord/StructureDefinition/shr-core-PostalAddress-extension"
          }
        ],
        "isModifier": false,
        "mapping": [
          {
            "identity": "rim",
            "map": "N/A"
          }
        ]
      },
      {
        "id": "Extension:funeralfacility.url",
        "path": "Extension.url",
        "representation": [
          "xmlAttr"
        ],
        "short": "identifies the meaning of the extension",
        "definition": "Source of the definition for the extension code - a logical name or a URL.",
        "comment": "The definition may point directly to a computable or human-readable definition of the extensibility codes, or it may be a logical URI as declared in some other specification. The definition SHALL be a URI for the Structure Definition defining the extension.",
        "min": 1,
        "max": "1",
        "base": {
          "path": "Extension.url",
          "min": 1,
          "max": "1"
        },
        "type": [
          {
            "code": "uri"
          }
        ],
        "fixedUri": "http://nightingaleproject.github.io/fhirDeathRecord/StructureDefinition/sdr-decedent-FuneralFacility-extension",
        "mapping": [
          {
            "identity": "rim",
            "map": "N/A"
          }
        ]
      },
      {
        "id": "Extension:funeralfacility.value[x]",
        "path": "Extension.value[x]",
        "short": "Value of extension",
        "definition": "Value of extension - may be a resource or one of a constrained set of the data types (see Extensibility in the spec for list).",
        "min": 0,
        "max": "0",
        "base": {
          "path": "Extension.value[x]",
          "min": 0,
          "max": "1"
        },
        "type": [
          {
            "code": "base64Binary"
          },
          {
            "code": "boolean"
          },
          {
            "code": "code"
          },
          {
            "code": "date"
          },
          {
            "code": "dateTime"
          },
          {
            "code": "decimal"
          },
          {
            "code": "id"
          },
          {
            "code": "instant"
          },
          {
            "code": "integer"
          },
          {
            "code": "markdown"
          },
          {
            "code": "oid"
          },
          {
            "code": "positiveInt"
          },
          {
            "code": "string"
          },
          {
            "code": "time"
          },
          {
            "code": "unsignedInt"
          },
          {
            "code": "uri"
          },
          {
            "code": "Address"
          },
          {
            "code": "Age"
          },
          {
            "code": "Annotation"
          },
          {
            "code": "Attachment"
          },
          {
            "code": "CodeableConcept"
          },
          {
            "code": "Coding"
          },
          {
            "code": "ContactPoint"
          },
          {
            "code": "Count"
          },
          {
            "code": "Distance"
          },
          {
            "code": "Duration"
          },
          {
            "code": "HumanName"
          },
          {
            "code": "Identifier"
          },
          {
            "code": "Money"
          },
          {
            "code": "Period"
          },
          {
            "code": "Quantity"
          },
          {
            "code": "Range"
          },
          {
            "code": "Ratio"
          },
          {
            "code": "Reference"
          },
          {
            "code": "SampledData"
          },
          {
            "code": "Signature"
          },
          {
            "code": "Timing"
          },
          {
            "code": "Meta"
          }
        ],
        "mapping": [
          {
            "identity": "rim",
            "map": "N/A"
          }
        ]
      }
    ]
  },
  "differential": {
    "element": [
      {
        "id": "Extension:funeralfacility",
        "path": "Extension",
        "short": "SDR FuneralFacility Extension",
        "definition": "Name and address of the funeral facility. Corresponds to item 21 of the [U.S. Standard Certificate of Death](https://www.cdc.gov/nchs/data/dvs/DEATH11-03final-ACC.pdf).",
        "min": 0,
        "max": "*"
      },
      {
        "id": "Extension:funeralfacility.extension:facilityname",
        "path": "Extension.extension",
        "sliceName": "facilityname",
        "definition": "The name of a facility or institution",
        "min": 1,
        "max": "1",
        "type": [
          {
            "code": "Extension",
            "profile": "http://nightingaleproject.github.io/fhirDeathRecord/StructureDefinition/sdr-decedent-FacilityName-extension"
          }
        ]
      },
      {
        "id": "Extension:funeralfacility.extension:postaladdress",
        "path": "Extension.extension",
        "sliceName": "postaladdress",
        "definition": "An address expressed using postal conventions (as opposed to GPS or other location definition formats). This data type may be used to convey addresses for use in delivering mail as well as for visiting locations and which might not be valid for mail delivery. There are a variety of postal address formats defined around the world. (Source: HL7 FHIR).",
        "min": 1,
        "max": "1",
        "type": [
          {
            "code": "Extension",
            "profile": "http://nightingaleproject.github.io/fhirDeathRecord/StructureDefinition/shr-core-PostalAddress-extension"
          }
        ]
      },
      {
        "id": "Extension:funeralfacility.url",
        "path": "Extension.url",
        "type": [
          {
            "code": "uri"
          }
        ],
        "fixedUri": "http://nightingaleproject.github.io/fhirDeathRecord/StructureDefinition/sdr-decedent-FuneralFacility-extension"
      },
      {
        "id": "Extension:funeralfacility.value[x]",
        "path": "Extension.value[x]",
        "min": 0,
        "max": "0"
      }
    ]
  }
}