{"resourceType":"ImplementationGuide","id":"1","text":{"status":"generated","div":"<div xmlns=\"http://www.w3.org/1999/xhtml\"><h2>Standard Death Record FHIR Profiles</h2><p>The official URL for this implementation guide is: </p><pre>http://nightingaleproject.github.io/fhirDeathRecord/ImplementationGuide/1</pre></div>"},"url":"http://nightingaleproject.github.io/fhirDeathRecord/ImplementationGuide/1","name":"Standard Death Record FHIR Profiles","status":"draft","fhirVersion":"3.0.1","definition":{"package":[{"id":"p1","name":"Profiles in this Implementation Guide"}],"resource":[{"extension":[{"url":"http://hl7.org/fhir/StructureDefinition/implementationguide-page","valueUri":"StructureDefinition-sdr-causeOfDeath-ActualOrPresumedDateOfDeath.html"}],"reference":{"reference":"StructureDefinition/sdr-causeOfDeath-ActualOrPresumedDateOfDeath","display":"SDR ActualOrPresumedDateOfDeath Profile"},"exampleBoolean":false,"package":"p1"},{"extension":[{"url":"http://hl7.org/fhir/StructureDefinition/implementationguide-page","valueUri":"StructureDefinition-sdr-causeOfDeath-AutopsyPerformed.html"}],"reference":{"reference":"StructureDefinition/sdr-causeOfDeath-AutopsyPerformed","display":"SDR AutopsyPerformed Profile"},"exampleBoolean":false,"package":"p1"},{"extension":[{"url":"http://hl7.org/fhir/StructureDefinition/implementationguide-page","valueUri":"StructureDefinition-sdr-causeOfDeath-AutopsyResultsAvailable.html"}],"reference":{"reference":"StructureDefinition/sdr-causeOfDeath-AutopsyResultsAvailable","display":"SDR AutopsyResultsAvailable Profile"},"exampleBoolean":false,"package":"p1"},{"extension":[{"url":"http://hl7.org/fhir/StructureDefinition/implementationguide-page","valueUri":"StructureDefinition-sdr-causeOfDeath-CauseOfDeathCondition.html"}],"reference":{"reference":"StructureDefinition/sdr-causeOfDeath-CauseOfDeathCondition","display":"SDR CauseOfDeathCondition Profile"},"exampleBoolean":false,"package":"p1"},{"extension":[{"url":"http://hl7.org/fhir/StructureDefinition/implementationguide-page","valueUri":"StructureDefinition-sdr-deathRecord-Certifier.html"}],"reference":{"reference":"StructureDefinition/sdr-deathRecord-Certifier","display":"SDR Certifier Profile"},"exampleBoolean":false,"package":"p1"},{"extension":[{"url":"http://hl7.org/fhir/StructureDefinition/implementationguide-page","valueUri":"StructureDefinition-shr-base-Condition.html"}],"reference":{"reference":"StructureDefinition/shr-base-Condition","display":"SDR Condition Profile"},"exampleBoolean":false,"package":"p1"},{"extension":[{"url":"http://hl7.org/fhir/StructureDefinition/implementationguide-page","valueUri":"StructureDefinition-sdr-causeOfDeath-ContributedToDeathCondition.html"}],"reference":{"reference":"StructureDefinition/sdr-causeOfDeath-ContributedToDeathCondition","display":"SDR ContributedToDeathCondition Profile"},"exampleBoolean":false,"package":"p1"},{"extension":[{"url":"http://hl7.org/fhir/StructureDefinition/implementationguide-page","valueUri":"StructureDefinition-sdr-causeOfDeath-DatePronouncedDead.html"}],"reference":{"reference":"StructureDefinition/sdr-causeOfDeath-DatePronouncedDead","display":"SDR DatePronouncedDead Profile"},"exampleBoolean":false,"package":"p1"},{"extension":[{"url":"http://hl7.org/fhir/StructureDefinition/implementationguide-page","valueUri":"StructureDefinition-sdr-causeOfDeath-DeathFromTransportInjury.html"}],"reference":{"reference":"StructureDefinition/sdr-causeOfDeath-DeathFromTransportInjury","display":"SDR DeathFromTransportInjury Profile"},"exampleBoolean":false,"package":"p1"},{"extension":[{"url":"http://hl7.org/fhir/StructureDefinition/implementationguide-page","valueUri":"StructureDefinition-sdr-causeOfDeath-DeathFromWorkInjury.html"}],"reference":{"reference":"StructureDefinition/sdr-causeOfDeath-DeathFromWorkInjury","display":"SDR DeathFromWorkInjury Profile"},"exampleBoolean":false,"package":"p1"},{"extension":[{"url":"http://hl7.org/fhir/StructureDefinition/implementationguide-page","valueUri":"StructureDefinition-sdr-deathRecord-DeathRecordContents.html"}],"reference":{"reference":"StructureDefinition/sdr-deathRecord-DeathRecordContents","display":"SDR DeathRecordContents Profile"},"exampleBoolean":false,"package":"p1"},{"extension":[{"url":"http://hl7.org/fhir/StructureDefinition/implementationguide-page","valueUri":"StructureDefinition-sdr-deathRecord-DeathRecord.html"}],"reference":{"reference":"StructureDefinition/sdr-deathRecord-DeathRecord","display":"SDR DeathRecord Profile"},"exampleBoolean":false,"package":"p1"},{"extension":[{"url":"http://hl7.org/fhir/StructureDefinition/implementationguide-page","valueUri":"StructureDefinition-sdr-decedent-DecedentID.html"}],"reference":{"reference":"StructureDefinition/sdr-decedent-DecedentID","display":"SDR DecedentID Profile"},"exampleBoolean":false,"package":"p1"},{"extension":[{"url":"http://hl7.org/fhir/StructureDefinition/implementationguide-page","valueUri":"StructureDefinition-sdr-decedent-Decedent.html"}],"reference":{"reference":"StructureDefinition/sdr-decedent-Decedent","display":"SDR Decedent Profile"},"exampleBoolean":false,"package":"p1"},{"extension":[{"url":"http://hl7.org/fhir/StructureDefinition/implementationguide-page","valueUri":"StructureDefinition-sdr-causeOfDeath-DetailsOfInjury.html"}],"reference":{"reference":"StructureDefinition/sdr-causeOfDeath-DetailsOfInjury","display":"SDR DetailsOfInjury Profile"},"exampleBoolean":false,"package":"p1"},{"extension":[{"url":"http://hl7.org/fhir/StructureDefinition/implementationguide-page","valueUri":"StructureDefinition-shr-base-Entry.html"}],"reference":{"reference":"StructureDefinition/shr-base-Entry","display":"SDR Entry Profile"},"exampleBoolean":false,"package":"p1"},{"extension":[{"url":"http://hl7.org/fhir/StructureDefinition/implementationguide-page","valueUri":"StructureDefinition-sdr-deathRecord-FuneralDirector.html"}],"reference":{"reference":"StructureDefinition/sdr-deathRecord-FuneralDirector","display":"SDR FuneralDirector Profile"},"exampleBoolean":false,"package":"p1"},{"extension":[{"url":"http://hl7.org/fhir/StructureDefinition/implementationguide-page","valueUri":"StructureDefinition-sdr-causeOfDeath-MannerOfDeath.html"}],"reference":{"reference":"StructureDefinition/sdr-causeOfDeath-MannerOfDeath","display":"SDR MannerOfDeath Profile"},"exampleBoolean":false,"package":"p1"},{"extension":[{"url":"http://hl7.org/fhir/StructureDefinition/implementationguide-page","valueUri":"StructureDefinition-sdr-causeOfDeath-MedicalExaminerContacted.html"}],"reference":{"reference":"StructureDefinition/sdr-causeOfDeath-MedicalExaminerContacted","display":"SDR MedicalExaminerContacted Profile"},"exampleBoolean":false,"package":"p1"},{"extension":[{"url":"http://hl7.org/fhir/StructureDefinition/implementationguide-page","valueUri":"StructureDefinition-shr-base-Observation.html"}],"reference":{"reference":"StructureDefinition/shr-base-Observation","display":"SDR Observation Profile"},"exampleBoolean":false,"package":"p1"},{"extension":[{"url":"http://hl7.org/fhir/StructureDefinition/implementationguide-page","valueUri":"StructureDefinition-shr-core-PostalAddress.html"}],"reference":{"reference":"StructureDefinition/shr-core-PostalAddress","display":"SDR PostalAddress Profile"},"exampleBoolean":false,"package":"p1"},{"extension":[{"url":"http://hl7.org/fhir/StructureDefinition/implementationguide-page","valueUri":"StructureDefinition-sdr-decedent-SocialSecurityNumber.html"}],"reference":{"reference":"StructureDefinition/sdr-decedent-SocialSecurityNumber","display":"SDR SocialSecurityNumber Profile"},"exampleBoolean":false,"package":"p1"},{"extension":[{"url":"http://hl7.org/fhir/StructureDefinition/implementationguide-page","valueUri":"StructureDefinition-sdr-causeOfDeath-TimingOfRecentPregnancyInRelationToDeath.html"}],"reference":{"reference":"StructureDefinition/sdr-causeOfDeath-TimingOfRecentPregnancyInRelationToDeath","display":"SDR TimingOfRecentPregnancyInRelationToDeath Profile"},"exampleBoolean":false,"package":"p1"},{"extension":[{"url":"http://hl7.org/fhir/StructureDefinition/implementationguide-page","valueUri":"StructureDefinition-sdr-causeOfDeath-TobaccoUseContributedToDeath.html"}],"reference":{"reference":"StructureDefinition/sdr-causeOfDeath-TobaccoUseContributedToDeath","display":"SDR TobaccoUseContributedToDeath Profile"},"exampleBoolean":false,"package":"p1"},{"extension":[{"url":"http://hl7.org/fhir/StructureDefinition/implementationguide-page","valueUri":"StructureDefinition-sdr-decedent-Age-extension.html"}],"reference":{"reference":"StructureDefinition/sdr-decedent-Age-extension","display":"SDR Age Extension"},"exampleBoolean":false,"package":"p1"},{"extension":[{"url":"http://hl7.org/fhir/StructureDefinition/implementationguide-page","valueUri":"StructureDefinition-sdr-decedent-Birthplace-extension.html"}],"reference":{"reference":"StructureDefinition/sdr-decedent-Birthplace-extension","display":"SDR Birthplace Extension"},"exampleBoolean":false,"package":"p1"},{"extension":[{"url":"http://hl7.org/fhir/StructureDefinition/implementationguide-page","valueUri":"StructureDefinition-sdr-deathRecord-CertifierType-extension.html"}],"reference":{"reference":"StructureDefinition/sdr-deathRecord-CertifierType-extension","display":"SDR CertifierType Extension"},"exampleBoolean":false,"package":"p1"},{"extension":[{"url":"http://hl7.org/fhir/StructureDefinition/implementationguide-page","valueUri":"StructureDefinition-sdr-decedent-Disposition-extension.html"}],"reference":{"reference":"StructureDefinition/sdr-decedent-Disposition-extension","display":"SDR Disposition Extension"},"exampleBoolean":false,"package":"p1"},{"extension":[{"url":"http://hl7.org/fhir/StructureDefinition/implementationguide-page","valueUri":"StructureDefinition-sdr-decedent-DispositionFacility-extension.html"}],"reference":{"reference":"StructureDefinition/sdr-decedent-DispositionFacility-extension","display":"SDR DispositionFacility Extension"},"exampleBoolean":false,"package":"p1"},{"extension":[{"url":"http://hl7.org/fhir/StructureDefinition/implementationguide-page","valueUri":"StructureDefinition-sdr-decedent-DispositionType-extension.html"}],"reference":{"reference":"StructureDefinition/sdr-decedent-DispositionType-extension","display":"SDR DispositionType Extension"},"exampleBoolean":false,"package":"p1"},{"extension":[{"url":"http://hl7.org/fhir/StructureDefinition/implementationguide-page","valueUri":"StructureDefinition-sdr-decedent-Education-extension.html"}],"reference":{"reference":"StructureDefinition/sdr-decedent-Education-extension","display":"SDR Education Extension"},"exampleBoolean":false,"package":"p1"},{"extension":[{"url":"http://hl7.org/fhir/StructureDefinition/implementationguide-page","valueUri":"StructureDefinition-sdr-decedent-FacilityName-extension.html"}],"reference":{"reference":"StructureDefinition/sdr-decedent-FacilityName-extension","display":"SDR FacilityName Extension"},"exampleBoolean":false,"package":"p1"},{"extension":[{"url":"http://hl7.org/fhir/StructureDefinition/implementationguide-page","valueUri":"StructureDefinition-sdr-decedent-FuneralFacility-extension.html"}],"reference":{"reference":"StructureDefinition/sdr-decedent-FuneralFacility-extension","display":"SDR FuneralFacility Extension"},"exampleBoolean":false,"package":"p1"},{"extension":[{"url":"http://hl7.org/fhir/StructureDefinition/implementationguide-page","valueUri":"StructureDefinition-sdr-decedent-Industry-extension.html"}],"reference":{"reference":"StructureDefinition/sdr-decedent-Industry-extension","display":"SDR Industry Extension"},"exampleBoolean":false,"package":"p1"},{"extension":[{"url":"http://hl7.org/fhir/StructureDefinition/implementationguide-page","valueUri":"StructureDefinition-sdr-decedent-Job-extension.html"}],"reference":{"reference":"StructureDefinition/sdr-decedent-Job-extension","display":"SDR Job Extension"},"exampleBoolean":false,"package":"p1"},{"extension":[{"url":"http://hl7.org/fhir/StructureDefinition/implementationguide-page","valueUri":"StructureDefinition-sdr-decedent-MaritalStatusAtDeath-extension.html"}],"reference":{"reference":"StructureDefinition/sdr-decedent-MaritalStatusAtDeath-extension","display":"SDR MaritalStatusAtDeath Extension"},"exampleBoolean":false,"package":"p1"},{"extension":[{"url":"http://hl7.org/fhir/StructureDefinition/implementationguide-page","valueUri":"StructureDefinition-sdr-decedent-Occupation-extension.html"}],"reference":{"reference":"StructureDefinition/sdr-decedent-Occupation-extension","display":"SDR Occupation Extension"},"exampleBoolean":false,"package":"p1"},{"extension":[{"url":"http://hl7.org/fhir/StructureDefinition/implementationguide-page","valueUri":"StructureDefinition-sdr-decedent-PlaceOfDeath-extension.html"}],"reference":{"reference":"StructureDefinition/sdr-decedent-PlaceOfDeath-extension","display":"SDR PlaceOfDeath Extension"},"exampleBoolean":false,"package":"p1"},{"extension":[{"url":"http://hl7.org/fhir/StructureDefinition/implementationguide-page","valueUri":"StructureDefinition-sdr-decedent-PlaceOfDeathType-extension.html"}],"reference":{"reference":"StructureDefinition/sdr-decedent-PlaceOfDeathType-extension","display":"SDR PlaceOfDeathType Extension"},"exampleBoolean":false,"package":"p1"},{"extension":[{"url":"http://hl7.org/fhir/StructureDefinition/implementationguide-page","valueUri":"StructureDefinition-sdr-causeOfDeath-PlaceOfInjury-extension.html"}],"reference":{"reference":"StructureDefinition/sdr-causeOfDeath-PlaceOfInjury-extension","display":"SDR PlaceOfInjury Extension"},"exampleBoolean":false,"package":"p1"},{"extension":[{"url":"http://hl7.org/fhir/StructureDefinition/implementationguide-page","valueUri":"StructureDefinition-shr-core-PostalAddress-extension.html"}],"reference":{"reference":"StructureDefinition/shr-core-PostalAddress-extension","display":"SDR PostalAddress Extension"},"exampleBoolean":false,"package":"p1"},{"extension":[{"url":"http://hl7.org/fhir/StructureDefinition/implementationguide-page","valueUri":"StructureDefinition-sdr-decedent-ResidesWithinCityLimits-extension.html"}],"reference":{"reference":"StructureDefinition/sdr-decedent-ResidesWithinCityLimits-extension","display":"SDR ResidesWithinCityLimits Extension"},"exampleBoolean":false,"package":"p1"},{"extension":[{"url":"http://hl7.org/fhir/StructureDefinition/implementationguide-page","valueUri":"StructureDefinition-sdr-decedent-ServedInArmedForces-extension.html"}],"reference":{"reference":"StructureDefinition/sdr-decedent-ServedInArmedForces-extension","display":"SDR ServedInArmedForces Extension"},"exampleBoolean":false,"package":"p1"},{"extension":[{"url":"http://hl7.org/fhir/StructureDefinition/implementationguide-page","valueUri":"ValueSet-sdr-deathRecord-CertifierTypeVS.html"}],"reference":{"reference":"ValueSet/sdr-deathRecord-CertifierTypeVS","display":"SDR CertifierTypeVS ValueSet"},"exampleBoolean":false,"package":"p1"},{"extension":[{"url":"http://hl7.org/fhir/StructureDefinition/implementationguide-page","valueUri":"ValueSet-sdr-causeOfDeath-ContributoryTobaccoUseVS.html"}],"reference":{"reference":"ValueSet/sdr-causeOfDeath-ContributoryTobaccoUseVS","display":"SDR ContributoryTobaccoUseVS ValueSet"},"exampleBoolean":false,"package":"p1"},{"extension":[{"url":"http://hl7.org/fhir/StructureDefinition/implementationguide-page","valueUri":"ValueSet-sdr-decedent-DispositionTypeVS.html"}],"reference":{"reference":"ValueSet/sdr-decedent-DispositionTypeVS","display":"SDR DispositionTypeVS ValueSet"},"exampleBoolean":false,"package":"p1"},{"extension":[{"url":"http://hl7.org/fhir/StructureDefinition/implementationguide-page","valueUri":"ValueSet-sdr-decedent-EducationVS.html"}],"reference":{"reference":"ValueSet/sdr-decedent-EducationVS","display":"SDR EducationVS ValueSet"},"exampleBoolean":false,"package":"p1"},{"extension":[{"url":"http://hl7.org/fhir/StructureDefinition/implementationguide-page","valueUri":"ValueSet-sdr-causeOfDeath-MannerOfDeathVS.html"}],"reference":{"reference":"ValueSet/sdr-causeOfDeath-MannerOfDeathVS","display":"SDR MannerOfDeathVS ValueSet"},"exampleBoolean":false,"package":"p1"},{"extension":[{"url":"http://hl7.org/fhir/StructureDefinition/implementationguide-page","valueUri":"ValueSet-sdr-decedent-PlaceOfDeathTypeVS.html"}],"reference":{"reference":"ValueSet/sdr-decedent-PlaceOfDeathTypeVS","display":"SDR PlaceOfDeathTypeVS ValueSet"},"exampleBoolean":false,"package":"p1"},{"extension":[{"url":"http://hl7.org/fhir/StructureDefinition/implementationguide-page","valueUri":"ValueSet-sdr-causeOfDeath-PregnancyStatusVS.html"}],"reference":{"reference":"ValueSet/sdr-causeOfDeath-PregnancyStatusVS","display":"SDR PregnancyStatusVS ValueSet"},"exampleBoolean":false,"package":"p1"},{"extension":[{"url":"http://hl7.org/fhir/StructureDefinition/implementationguide-page","valueUri":"ValueSet-sdr-causeOfDeath-TransportRelationshipsVS.html"}],"reference":{"reference":"ValueSet/sdr-causeOfDeath-TransportRelationshipsVS","display":"SDR TransportRelationshipsVS ValueSet"},"exampleBoolean":false,"package":"p1"},{"extension":[{"url":"http://hl7.org/fhir/StructureDefinition/implementationguide-page","valueUri":"CodeSystem-sdr-decedent-EducationCS.html"}],"reference":{"reference":"CodeSystem/sdr-decedent-EducationCS","display":"SDR EducationCS CodeSystem"},"exampleBoolean":false,"package":"p1"},{"extension":[{"url":"http://hl7.org/fhir/StructureDefinition/implementationguide-page","valueUri":"CodeSystem-sdr-causeOfDeath-PregnancyStatusCS.html"}],"reference":{"reference":"CodeSystem/sdr-causeOfDeath-PregnancyStatusCS","display":"SDR PregnancyStatusCS CodeSystem"},"exampleBoolean":false,"package":"p1"},{"extension":[{"url":"http://hl7.org/fhir/StructureDefinition/implementationguide-page","valueUri":"Observation-ActualOrPresumedDateOfDeath.html"}],"reference":{"reference":"Observation/ActualOrPresumedDateOfDeath"},"exampleBoolean":true,"package":"p1"},{"extension":[{"url":"http://hl7.org/fhir/StructureDefinition/implementationguide-page","valueUri":"Observation-AutopsyPerformed.html"}],"reference":{"reference":"Observation/AutopsyPerformed"},"exampleBoolean":true,"package":"p1"},{"extension":[{"url":"http://hl7.org/fhir/StructureDefinition/implementationguide-page","valueUri":"Observation-AutopsyResultsAvailable.html"}],"reference":{"reference":"Observation/AutopsyResultsAvailable"},"exampleBoolean":true,"package":"p1"},{"extension":[{"url":"http://hl7.org/fhir/StructureDefinition/implementationguide-page","valueUri":"Condition-CauseOfDeathCondition.html"}],"reference":{"reference":"Condition/CauseOfDeathCondition"},"exampleBoolean":true,"package":"p1"},{"extension":[{"url":"http://hl7.org/fhir/StructureDefinition/implementationguide-page","valueUri":"Practitioner-Certifier.html"}],"reference":{"reference":"Practitioner/Certifier"},"exampleBoolean":true,"package":"p1"},{"extension":[{"url":"http://hl7.org/fhir/StructureDefinition/implementationguide-page","valueUri":"Observation-DatePronouncedDead.html"}],"reference":{"reference":"Observation/DatePronouncedDead"},"exampleBoolean":true,"package":"p1"},{"extension":[{"url":"http://hl7.org/fhir/StructureDefinition/implementationguide-page","valueUri":"Observation-DeathFromWorkInjury.html"}],"reference":{"reference":"Observation/DeathFromWorkInjury"},"exampleBoolean":true,"package":"p1"},{"extension":[{"url":"http://hl7.org/fhir/StructureDefinition/implementationguide-page","valueUri":"Composition-DeathRecordContents.html"}],"reference":{"reference":"Composition/DeathRecordContents"},"exampleBoolean":true,"package":"p1"},{"extension":[{"url":"http://hl7.org/fhir/StructureDefinition/implementationguide-page","valueUri":"Patient-Decedent.html"}],"reference":{"reference":"Patient/Decedent"},"exampleBoolean":true,"package":"p1"},{"extension":[{"url":"http://hl7.org/fhir/StructureDefinition/implementationguide-page","valueUri":"Observation-MannerOfDeath.html"}],"reference":{"reference":"Observation/MannerOfDeath"},"exampleBoolean":true,"package":"p1"},{"extension":[{"url":"http://hl7.org/fhir/StructureDefinition/implementationguide-page","valueUri":"Observation-MedicalExaminerContacted.html"}],"reference":{"reference":"Observation/MedicalExaminerContacted"},"exampleBoolean":true,"package":"p1"},{"extension":[{"url":"http://hl7.org/fhir/StructureDefinition/implementationguide-page","valueUri":"Observation-TimingOfRecentPregnancyInRelationToDeath.html"}],"reference":{"reference":"Observation/TimingOfRecentPregnancyInRelationToDeath"},"exampleBoolean":true,"package":"p1"},{"extension":[{"url":"http://hl7.org/fhir/StructureDefinition/implementationguide-page","valueUri":"Observation-TobaccoUseContributedToDeath.html"}],"reference":{"reference":"Observation/TobaccoUseContributedToDeath"},"exampleBoolean":true,"package":"p1"}],"page":{"nameUrl":"index.html","title":"Standard Death Record","generation":"html"}}}