{"resourceType":"StructureDefinition","id":"sdr-decedent-Education-extension","text":{"status":"generated","div":"<div xmlns=\"http://www.w3.org/1999/xhtml\">\n  <p><b>SDR Education Extension</b></p>\n  <p>Decedent's level of education. Corresponds to item 51 of the [U.S. Standard Certificate of Death](https://www.cdc.gov/nchs/data/dvs/DEATH11-03final-ACC.pdf).</p>\n</div>"},"url":"http://nightingaleproject.github.io/fhirDeathRecord/StructureDefinition/sdr-decedent-Education-extension","identifier":[{"system":"http://github.com/nightingaleproject/fhirDeathRecord","value":"sdr.decedent.Education"}],"version":"0.1.0","name":"EducationExtension","title":"SDR Education Extension","status":"draft","date":"2018-04-25T00:00:00-04:00","publisher":"The MITRE Corporation: Nightingale Project","contact":[{"telecom":[{"system":"url","value":"http://github.com/nightingaleproject/fhirDeathRecord"}]}],"description":"Decedent's level of education. Corresponds to item 51 of the [U.S. Standard Certificate of Death](https://www.cdc.gov/nchs/data/dvs/DEATH11-03final-ACC.pdf).","fhirVersion":"3.0.1","kind":"complex-type","abstract":false,"context":[{"type":"fhirpath","expression":"*"}],"type":"Extension","baseDefinition":"http://hl7.org/fhir/StructureDefinition/Extension","derivation":"constraint","snapshot":{"element":[{"id":"Extension:education","path":"Extension","short":"SDR Education Extension","definition":"Decedent's level of education. Corresponds to item 51 of the [U.S. Standard Certificate of Death](https://www.cdc.gov/nchs/data/dvs/DEATH11-03final-ACC.pdf).","min":0,"max":"*","base":{"path":"Extension","min":0,"max":"1"},"condition":["ele-1"],"constraint":[{"key":"ele-1","severity":"error","human":"All FHIR elements must have a @value or children","expression":"children().count() > id.count()","xpath":"@value|f:*|h:div","source":"Element"},{"key":"ext-1","severity":"error","human":"Must have either extensions or value[x], not both","expression":"extension.exists() != value.exists()","xpath":"exists(f:extension)!=exists(f:*[starts-with(local-name(.), 'value')])","source":"Extension"}]},{"id":"Extension:education.id","path":"Extension.id","representation":["xmlAttr"],"short":"xml:id (or equivalent in JSON)","definition":"unique id for the element within a resource (for internal references). This may be any string value that does not contain spaces.","min":0,"max":"1","base":{"path":"Element.id","min":0,"max":"1"},"type":[{"code":"string"}],"mapping":[{"identity":"rim","map":"N/A"}]},{"id":"Extension:education.extension:extension","path":"Extension.extension","sliceName":"extension","short":"Extension","definition":"An Extension","min":0,"max":"0","base":{"path":"Element.extension","min":0,"max":"*"},"type":[{"code":"Extension"}]},{"id":"Extension:education.url","path":"Extension.url","representation":["xmlAttr"],"short":"identifies the meaning of the extension","definition":"Source of the definition for the extension code - a logical name or a URL.","comment":"The definition may point directly to a computable or human-readable definition of the extensibility codes, or it may be a logical URI as declared in some other specification. The definition SHALL be a URI for the Structure Definition defining the extension.","min":1,"max":"1","base":{"path":"Extension.url","min":1,"max":"1"},"type":[{"code":"uri"}],"fixedUri":"http://nightingaleproject.github.io/fhirDeathRecord/StructureDefinition/sdr-decedent-Education-extension","mapping":[{"identity":"rim","map":"N/A"}]},{"id":"Extension:education.valueCodeableConcept","path":"Extension.valueCodeableConcept","short":"Value of extension","definition":"Value of extension - may be a resource or one of a constrained set of the data types (see Extensibility in the spec for list).","min":1,"max":"1","base":{"path":"Extension.value[x]","min":0,"max":"1"},"type":[{"code":"CodeableConcept"}],"binding":{"strength":"required","valueSetCanonical":"http://github.com/nightingaleproject/fhirDeathRecord/sdr/decedent/vs/EducationVS"},"mapping":[{"identity":"rim","map":"N/A"}]}]},"differential":{"element":[{"id":"Extension:education","path":"Extension","short":"SDR Education Extension","definition":"Decedent's level of education. Corresponds to item 51 of the [U.S. Standard Certificate of Death](https://www.cdc.gov/nchs/data/dvs/DEATH11-03final-ACC.pdf).","min":0,"max":"*"},{"id":"Extension:education.extension:extension","path":"Extension.extension","sliceName":"extension","max":"0"},{"id":"Extension:education.url","path":"Extension.url","type":[{"code":"uri"}],"fixedUri":"http://nightingaleproject.github.io/fhirDeathRecord/StructureDefinition/sdr-decedent-Education-extension"},{"id":"Extension:education.valueCodeableConcept","path":"Extension.valueCodeableConcept","min":1,"type":[{"code":"CodeableConcept"}],"binding":{"strength":"required","valueSetCanonical":"http://github.com/nightingaleproject/fhirDeathRecord/sdr/decedent/vs/EducationVS"}}]}}