<?xml version="1.0" encoding="UTF-8"?><ImplementationGuide xmlns="http://hl7.org/fhir"><id value="3359"/><text><status value="generated"/><div xmlns="http://www.w3.org/1999/xhtml"><h2>Death Record</h2><p>The official URL for this implementation guide is: </p><pre>https://github.com/nightingaleproject/fhir-death-record/ImplementationGuide/3359</pre></div></text><url value="https://github.com/nightingaleproject/fhir-death-record/ImplementationGuide/3359"/><name value="Death Record"/><status value="draft"/><package><name value="Profiles in this Implementation Guide"/><resource><extension url="http://hl7.org/fhir/StructureDefinition/implementationguide-page"><valueUri value="StructureDefinition-Death-Record.html"/></extension><example value="false"/><sourceReference><reference value="StructureDefinition/Death-Record"/><display value="Death Record"/></sourceReference></resource><resource><extension url="http://hl7.org/fhir/StructureDefinition/implementationguide-page"><valueUri value="StructureDefinition-Death-Record-Composition.html"/></extension><example value="false"/><sourceReference><reference value="StructureDefinition/Death-Record-Composition"/><display value="Death Record Composition"/></sourceReference></resource><resource><extension url="http://hl7.org/fhir/StructureDefinition/implementationguide-page"><valueUri value="StructureDefinition-Cause-of-Death-Condition.html"/></extension><example value="false"/><sourceReference><reference value="StructureDefinition/Cause-of-Death-Condition"/><display value="Cause of Death Condition"/></sourceReference></resource><resource><extension url="http://hl7.org/fhir/StructureDefinition/implementationguide-page"><valueUri value="StructureDefinition-Actual-Or-Presumed-Date-Of-Death.html"/></extension><example value="false"/><sourceReference><reference value="StructureDefinition/Actual-Or-Presumed-Date-Of-Death"/><display value="Actual-Or-Presumed-Date-Of-Death"/></sourceReference></resource><resource><extension url="http://hl7.org/fhir/StructureDefinition/implementationguide-page"><valueUri value="StructureDefinition-Autopsy-Performed.html"/></extension><example value="false"/><sourceReference><reference value="StructureDefinition/Autopsy-Performed"/><display value="Autopsy-Performed"/></sourceReference></resource><resource><extension url="http://hl7.org/fhir/StructureDefinition/implementationguide-page"><valueUri value="StructureDefinition-Autopsy-Results-Available.html"/></extension><example value="false"/><sourceReference><reference value="StructureDefinition/Autopsy-Results-Available"/><display value="Autopsy-Results-Available"/></sourceReference></resource><resource><extension url="http://hl7.org/fhir/StructureDefinition/implementationguide-page"><valueUri value="StructureDefinition-Date-Pronounced-Dead.html"/></extension><example value="false"/><sourceReference><reference value="StructureDefinition/Date-Pronounced-Dead"/><display value="Date-Pronounced-Dead"/></sourceReference></resource><resource><extension url="http://hl7.org/fhir/StructureDefinition/implementationguide-page"><valueUri value="StructureDefinition-Death-Resulted-From-Injury-At-Work.html"/></extension><example value="false"/><sourceReference><reference value="StructureDefinition/Death-Resulted-From-Injury-At-Work"/><display value="Death-Resulted-From-Injury-At-Work"/></sourceReference></resource><resource><extension url="http://hl7.org/fhir/StructureDefinition/implementationguide-page"><valueUri value="StructureDefinition-Injury-Leading-To-Death-Associated-Trans.html"/></extension><example value="false"/><sourceReference><reference value="StructureDefinition/Injury-Leading-To-Death-Associated-Trans"/><display value="Injury-Leading-To-Death-Associated-With-Transportation"/></sourceReference></resource><resource><extension url="http://hl7.org/fhir/StructureDefinition/implementationguide-page"><valueUri value="StructureDefinition-Manner-Of-Death.html"/></extension><example value="false"/><sourceReference><reference value="StructureDefinition/Manner-Of-Death"/><display value="Manner-Of-Death"/></sourceReference></resource><resource><extension url="http://hl7.org/fhir/StructureDefinition/implementationguide-page"><valueUri value="StructureDefinition-Medical-Examiner-Or-Coroner-Contacted.html"/></extension><example value="false"/><sourceReference><reference value="StructureDefinition/Medical-Examiner-Or-Coroner-Contacted"/><display value="Medical-Examiner-Or-Coroner-Contacted"/></sourceReference></resource><resource><extension url="http://hl7.org/fhir/StructureDefinition/implementationguide-page"><valueUri value="StructureDefinition-Timing-Of-Pregnancy-In-Relation-To-Death.html"/></extension><example value="false"/><sourceReference><reference value="StructureDefinition/Timing-Of-Pregnancy-In-Relation-To-Death"/><display value="Timing-Of-Recent-Pregnancy-In-Relation-To-Death"/></sourceReference></resource><resource><extension url="http://hl7.org/fhir/StructureDefinition/implementationguide-page"><valueUri value="StructureDefinition-Tobacco-Use-Contributed-To-Death.html"/></extension><example value="false"/><sourceReference><reference value="StructureDefinition/Tobacco-Use-Contributed-To-Death"/><display value="Tobacco-Use-Contributed-To-Death"/></sourceReference></resource><resource><extension url="http://hl7.org/fhir/StructureDefinition/implementationguide-page"><valueUri value="StructureDefinition-Death-Record-Decedent.html"/></extension><example value="false"/><sourceReference><reference value="StructureDefinition/Death-Record-Decedent"/><display value="Death-Record-Decedent"/></sourceReference></resource><resource><extension url="http://hl7.org/fhir/StructureDefinition/implementationguide-page"><valueUri value="StructureDefinition-Death-Certifier.html"/></extension><example value="false"/><sourceReference><reference value="StructureDefinition/Death-Certifier"/><display value="Death Certifier"/></sourceReference></resource></package><page><source value="http://test.com/IG/View/3359"/><title value="Death Record"/><kind value="page"/></page></ImplementationGuide>