<?xml version="1.0" encoding="UTF-8"?><StructureDefinition xmlns="http://hl7.org/fhir"><id value="Cause-of-Death-Condition"/><text><status value="generated"/><div xmlns="http://www.w3.org/1999/xhtml"><table border="0" cellpadding="0" cellspacing="0" style="border: 0px #F0F0F0 solid; font-size: 11px; font-family: verdana; vertical-align: top;"><tr style="border: 1px #F0F0F0 solid; font-size: 11px; font-family: verdana; vertical-align: top;"><th style="vertical-align: top; text-align : left; background-color: white; border: 0px #F0F0F0 solid; padding:0px 4px 0px 4px" class="hierarchy"><a href="http://hl7-fhir.github.io/formats.html#table" title="The logical name of the element">Name</a></th><th style="vertical-align: top; text-align : left; background-color: white; border: 0px #F0F0F0 solid; padding:0px 4px 0px 4px" class="hierarchy"><a href="http://hl7-fhir.github.io/formats.html#table" title="Information about the use of the element">Flags</a></th><th style="vertical-align: top; text-align : left; background-color: white; border: 0px #F0F0F0 solid; padding:0px 4px 0px 4px" class="hierarchy"><a href="http://hl7-fhir.github.io/formats.html#table" title="Minimum and Maximum # of times the the element can appear in the instance">Card.</a></th><th style="width: 100px" class="hierarchy"><a href="http://hl7-fhir.github.io/formats.html#table" title="Reference to the type of the element">Type</a></th><th style="vertical-align: top; text-align : left; background-color: white; border: 0px #F0F0F0 solid; padding:0px 4px 0px 4px" class="hierarchy"><a href="http://hl7-fhir.github.io/formats.html#table" title="Additional information about the element">Description &amp; Constraints</a><span style="float: right"><a href="http://hl7-fhir.github.io/formats.html#table" title="Legend for this format"><img src="http://hl7-fhir.github.io/help16.png" alt="doco" style="background-color: inherit"/></a></span></th></tr><tr style="border: 0px #F0F0F0 solid; padding:0px; vertical-align: top; background-color: white;"><td style="vertical-align: top; text-align : left; background-color: white; border: 0px #F0F0F0 solid; padding:0px 4px 0px 4px; white-space: nowrap; background-image: url(tbl_bck1.png)" class="hierarchy"><img src="tbl_spacer.png" alt="." style="background-color: inherit" class="hierarchy"/><img src="icon_element.gif" alt="." style="background-color: white; background-color: inherit" title="Element" class="hierarchy"/> <span title="null">Condition</span><a name="Condition"> </a></td><td style="vertical-align: top; text-align : left; background-color: white; border: 0px #F0F0F0 solid; padding:0px 4px 0px 4px" class="hierarchy"/><td style="vertical-align: top; text-align : left; background-color: white; border: 0px #F0F0F0 solid; padding:0px 4px 0px 4px" class="hierarchy"><span style="opacity: 0.4">0</span><span style="opacity: 0.5">..</span><span style="opacity: 0.4">*</span></td><td style="vertical-align: top; text-align : left; background-color: white; border: 0px #F0F0F0 solid; padding:0px 4px 0px 4px" class="hierarchy"/><td style="vertical-align: top; text-align : left; background-color: white; border: 0px #F0F0F0 solid; padding:0px 4px 0px 4px" class="hierarchy"/></tr>
<tr style="border: 0px #F0F0F0 solid; padding:0px; vertical-align: top; background-color: white;"><td style="vertical-align: top; text-align : left; background-color: white; border: 0px #F0F0F0 solid; padding:0px 4px 0px 4px; white-space: nowrap; background-image: url(tbl_bck10.png)" class="hierarchy"><img src="tbl_spacer.png" alt="." style="background-color: inherit" class="hierarchy"/><img src="tbl_vjoin.png" alt="." style="background-color: inherit" class="hierarchy"/><img src="icon_element.gif" alt="." style="background-color: white; background-color: inherit" title="Element" class="hierarchy"/> <span title="SHALL contain exactly one [1..1] text (CONF:3359-255).">text</span><a name="Condition.text"> </a></td><td style="vertical-align: top; text-align : left; background-color: white; border: 0px #F0F0F0 solid; padding:0px 4px 0px 4px" class="hierarchy"/><td style="vertical-align: top; text-align : left; background-color: white; border: 0px #F0F0F0 solid; padding:0px 4px 0px 4px" class="hierarchy">1..1</td><td style="vertical-align: top; text-align : left; background-color: white; border: 0px #F0F0F0 solid; padding:0px 4px 0px 4px" class="hierarchy"><a style="opacity: 0.4" href="http://hl7-fhir.github.io/datatypes.html#Narrative">Narrative</a></td><td style="vertical-align: top; text-align : left; background-color: white; border: 0px #F0F0F0 solid; padding:0px 4px 0px 4px" class="hierarchy">text</td></tr>
<tr style="border: 0px #F0F0F0 solid; padding:0px; vertical-align: top; background-color: white;"><td style="vertical-align: top; text-align : left; background-color: white; border: 0px #F0F0F0 solid; padding:0px 4px 0px 4px; white-space: nowrap; background-image: url(tbl_bck11.png)" class="hierarchy"><img src="tbl_spacer.png" alt="." style="background-color: inherit" class="hierarchy"/><img src="tbl_vjoin.png" alt="." style="background-color: inherit" class="hierarchy"/><img src="icon_element.gif" alt="." style="background-color: white; background-color: inherit" title="Element" class="hierarchy"/> <span title="SHALL contain exactly one [1..1] subject (CONF:3359-253).">subject</span><a name="Condition.subject"> </a></td><td style="vertical-align: top; text-align : left; background-color: white; border: 0px #F0F0F0 solid; padding:0px 4px 0px 4px" class="hierarchy"/><td style="vertical-align: top; text-align : left; background-color: white; border: 0px #F0F0F0 solid; padding:0px 4px 0px 4px" class="hierarchy"><span style="opacity: 0.4">1</span><span style="opacity: 0.5">..</span><span style="opacity: 0.4">1</span></td><td style="vertical-align: top; text-align : left; background-color: white; border: 0px #F0F0F0 solid; padding:0px 4px 0px 4px" class="hierarchy"><a href="http://hl7-fhir.github.io/references.html">Reference</a>(<a style="opacity: 0.4" href="http://hl7-fhir.github.io/patient.html">Patient</a>)<span style="opacity: 0.4">, </span><a href="http://hl7-fhir.github.io/references.html">Reference</a>(<a style="opacity: 0.4" href="http://hl7-fhir.github.io/group.html">Group</a>)</td><td style="vertical-align: top; text-align : left; background-color: white; border: 0px #F0F0F0 solid; padding:0px 4px 0px 4px" class="hierarchy">subject</td></tr>
<tr style="border: 0px #F0F0F0 solid; padding:0px; vertical-align: top; background-color: white;"><td style="vertical-align: top; text-align : left; background-color: white; border: 0px #F0F0F0 solid; padding:0px 4px 0px 4px; white-space: nowrap; background-image: url(tbl_bck100.png)" class="hierarchy"><img src="tbl_spacer.png" alt="." style="background-color: inherit" class="hierarchy"/><img src="tbl_vline.png" alt="." style="background-color: inherit" class="hierarchy"/><img src="tbl_vjoin_end.png" alt="." style="background-color: inherit" class="hierarchy"/><img src="icon_element.gif" alt="." style="background-color: white; background-color: inherit" title="Element" class="hierarchy"/> <span title="This subject SHALL contain exactly one [1..1] reference (CONF:3359-254).">reference</span><a name="Condition.subject.reference"> </a></td><td style="vertical-align: top; text-align : left; background-color: white; border: 0px #F0F0F0 solid; padding:0px 4px 0px 4px" class="hierarchy"/><td style="vertical-align: top; text-align : left; background-color: white; border: 0px #F0F0F0 solid; padding:0px 4px 0px 4px" class="hierarchy">1..1</td><td style="vertical-align: top; text-align : left; background-color: white; border: 0px #F0F0F0 solid; padding:0px 4px 0px 4px" class="hierarchy"><a style="opacity: 0.4" href="http://hl7-fhir.github.io/datatypes.html#string">string</a></td><td style="vertical-align: top; text-align : left; background-color: white; border: 0px #F0F0F0 solid; padding:0px 4px 0px 4px" class="hierarchy">reference</td></tr>
<tr style="border: 0px #F0F0F0 solid; padding:0px; vertical-align: top; background-color: white;"><td style="vertical-align: top; text-align : left; background-color: white; border: 0px #F0F0F0 solid; padding:0px 4px 0px 4px; white-space: nowrap; background-image: url(tbl_bck00.png)" class="hierarchy"><img src="tbl_spacer.png" alt="." style="background-color: inherit" class="hierarchy"/><img src="tbl_vjoin_end.png" alt="." style="background-color: inherit" class="hierarchy"/><img src="icon_slice.png" alt="." style="background-color: white; background-color: inherit" title="Slice Definition" class="hierarchy"/> <span style="font-style: italic" title="SHOULD contain exactly one [1..1] onset[x], where onset[x] is (CONF:3359-1)">onset[x]</span><a name="Condition.onset_x_"> </a></td><td style="vertical-align: top; text-align : left; background-color: white; border: 0px #F0F0F0 solid; padding:0px 4px 0px 4px" class="hierarchy"/><td style="vertical-align: top; text-align : left; background-color: white; border: 0px #F0F0F0 solid; padding:0px 4px 0px 4px" class="hierarchy"/><td style="vertical-align: top; text-align : left; background-color: white; border: 0px #F0F0F0 solid; padding:0px 4px 0px 4px" class="hierarchy"><a style="opacity: 0.4; font-style: italic" href="http://hl7-fhir.github.io/datatypes.html#dateTime">dateTime</a><span style="opacity: 0.4; font-style: italic">, </span><a style="opacity: 0.4; font-style: italic" href="http://hl7-fhir.github.io/datatypes.html#Age">Age</a><span style="opacity: 0.4; font-style: italic">, </span><a style="opacity: 0.4; font-style: italic" href="http://hl7-fhir.github.io/datatypes.html#Period">Period</a><span style="opacity: 0.4; font-style: italic">, </span><a style="opacity: 0.4; font-style: italic" href="http://hl7-fhir.github.io/datatypes.html#Range">Range</a><span style="opacity: 0.4; font-style: italic">, </span><a style="opacity: 0.4; font-style: italic" href="http://hl7-fhir.github.io/datatypes.html#string">string</a></td><td style="vertical-align: top; text-align : left; background-color: white; border: 0px #F0F0F0 solid; padding:0px 4px 0px 4px" class="hierarchy"><span style="font-style: italic">onset[x]</span><br style="font-style: italic"/><span style="font-weight:bold; font-style: italic">Slice: </span><span style="font-style: italic">Unordered, Open by value:@type</span></td></tr>
<tr><td colspan="5" class="hierarchy"><br/><a href="http://hl7-fhir.github.io/formats.html#table" title="Legend for this format"><img src="http://hl7-fhir.github.io/help16.png" alt="doco" style="background-color: inherit"/> Documentation for this format</a></td></tr></table></div></text><url value="https://github.com/nightingaleproject/fhir-death-record/StructureDefinition/Cause-of-Death-Condition"/><name value="Cause of Death Condition"/><status value="draft"/><date value="2018-01-05T16:21:50-05:00"/><publisher value="The MITRE Corporation"/><contact><name value="Marc Hadley"/><telecom><system value="phone"/><value value="7812713442"/><use value="work"/></telecom><telecom><system value="email"/><value value="mhadley@mitre.org"/><use value="work"/></telecom></contact><description value="Identifies the condition that caused death"/><fhirVersion value="3.1.0"/><mapping><identity value="workflow"/><uri value="http://hl7.org/fhir/workflow"/><name value="Workflow Mapping"/></mapping><mapping><identity value="sct-concept"/><uri value="http://snomed.info/conceptdomain"/><name value="SNOMED CT Concept Domain Binding"/></mapping><mapping><identity value="v2"/><uri value="http://hl7.org/v2"/><name value="HL7 v2 Mapping"/></mapping><mapping><identity value="rim"/><uri value="http://hl7.org/v3"/><name value="RIM Mapping"/></mapping><mapping><identity value="w5"/><uri value="http://hl7.org/fhir/w5"/><name value="W5 Mapping"/></mapping><mapping><identity value="sct-attr"/><uri value="http://snomed.info/sct"/><name value="SNOMED CT Attribute Binding"/></mapping><kind value="resource"/><abstract value="false"/><contextType value="resource"/><context value="Condition"/><type value="Condition"/><baseDefinition value="http://hl7.org/fhir/StructureDefinition/Condition"/><derivation value="constraint"/><snapshot><element id="Condition"><path value="Condition"/><short value="Detailed information about conditions, problems or diagnoses"/><definition value="A clinical condition, problem, diagnosis, or other event, situation, issue, or clinical concept that has risen to a level of concern."/><min value="0"/><max value="*"/><base><path value="Condition"/><min value="0"/><max value="*"/></base><constraint><key value="dom-2"/><severity value="error"/><human value="If the resource is contained in another resource, it SHALL NOT contain nested Resources"/><expression value="contained.contained.empty()"/><xpath value="not(parent::f:contained and f:contained)"/><source value="DomainResource"/></constraint><constraint><key value="dom-1"/><severity value="error"/><human value="If the resource is contained in another resource, it SHALL NOT contain any narrative"/><expression value="contained.text.empty()"/><xpath value="not(parent::f:contained and f:text)"/><source value="DomainResource"/></constraint><constraint><key value="dom-4"/><severity value="error"/><human value="If a resource is contained in another resource, it SHALL NOT have a meta.versionId or a meta.lastUpdated"/><expression value="contained.meta.versionId.empty() and contained.meta.lastUpdated.empty()"/><xpath value="not(exists(f:contained/*/f:meta/f:versionId)) and not(exists(f:contained/*/f:meta/f:lastUpdated))"/><source value="DomainResource"/></constraint><constraint><key value="dom-3"/><severity value="error"/><human value="If the resource is contained in another resource, it SHALL be referred to from elsewhere in the resource"/><expression value="contained.where((&#39;#&#39;+id in %resource.descendants().reference).not()).empty()"/><xpath value="not(exists(for $id in f:contained/*/@id return $id[not(ancestor::f:contained/parent::*/descendant::f:reference/@value=concat(&#39;#&#39;, $id))]))"/><source value="DomainResource"/></constraint><constraint><key value="con-4"/><severity value="error"/><human value="If condition is abated, then clinicalStatus must be either inactive, resolved, or remission"/><expression value="abatement.empty() or clinicalStatus=&#39;resolved&#39; or clinicalStatus=&#39;remission&#39; or clinicalStatus=&#39;inactive&#39;"/><xpath value="not(exists(*[starts-with(local-name(.), &#39;abatement&#39;)])) or f:clinicalStatus/@value=(&#39;resolved&#39;, &#39;remission&#39;, &#39;inactive&#39;)"/><source value="Condition"/></constraint><constraint><key value="con-3"/><severity value="error"/><human value="Condition.clinicalStatus SHALL be present if verificationStatus is not entered-in-error"/><expression value="verificationStatus=&#39;entered-in-error&#39; or clinicalStatus.exists()"/><xpath value="f:verificationStatus/@value=&#39;entered-in-error&#39; or exists(f:clinicalStatus)"/><source value="Condition"/></constraint><mapping><identity value="rim"/><map value="Entity. Role, or Act"/></mapping><mapping><identity value="workflow"/><map value="Event"/></mapping><mapping><identity value="sct-concept"/><map value="&lt; 243796009 |Situation with explicit context|:&#xA;246090004 |Associated finding| =&#xA;((&lt; 404684003 |Clinical finding| MINUS&#xA;&lt;&lt; 420134006 |Propensity to adverse reactions| MINUS &#xA;&lt;&lt; 473010000 |Hypersensitivity condition| MINUS &#xA;&lt;&lt; 79899007 |Drug interaction| MINUS&#xA;&lt;&lt; 69449002 |Drug action| MINUS &#xA;&lt;&lt; 441742003 |Evaluation finding| MINUS &#xA;&lt;&lt; 307824009 |Administrative status| MINUS &#xA;&lt;&lt; 385356007 |Tumor stage finding|) OR&#xA;&lt; 272379006 |Event|)"/></mapping><mapping><identity value="v2"/><map value="PPR message"/></mapping><mapping><identity value="rim"/><map value="Observation[classCode=OBS, moodCode=EVN, code=ASSERTION, value&lt;Diagnosis]"/></mapping><mapping><identity value="w5"/><map value="clinical.general"/></mapping></element><element id="Condition.id"><path value="Condition.id"/><short value="Logical id of this artifact"/><definition value="The logical id of the resource, as used in the URL for the resource. Once assigned, this value never changes."/><comment value="The only time that a resource does not have an id is when it is being submitted to the server using a create operation."/><min value="0"/><max value="1"/><base><path value="Resource.id"/><min value="0"/><max value="1"/></base><type><code value="id"/></type><isSummary value="true"/></element><element id="Condition.meta"><path value="Condition.meta"/><short value="Metadata about the resource"/><definition value="The metadata about the resource. This is content that is maintained by the infrastructure. Changes to the content may not always be associated with version changes to the resource."/><min value="0"/><max value="1"/><base><path value="Resource.meta"/><min value="0"/><max value="1"/></base><type><code value="Meta"/></type><isSummary value="true"/></element><element id="Condition.implicitRules"><path value="Condition.implicitRules"/><short value="A set of rules under which this content was created"/><definition value="A reference to a set of rules that were followed when the resource was constructed, and which must be understood when processing the content."/><comment value="Asserting this rule set restricts the content to be only understood by a limited set of trading partners. This inherently limits the usefulness of the data in the long term. However, the existing health eco-system is highly fractured, and not yet ready to define, collect, and exchange data in a generally computable sense. Wherever possible, implementers and/or specification writers should avoid using this element. &#xA;&#xA;This element is labelled as a modifier because the implicit rules may provide additional knowledge about the resource that modifies it&#39;s meaning or interpretation."/><min value="0"/><max value="1"/><base><path value="Resource.implicitRules"/><min value="0"/><max value="1"/></base><type><code value="uri"/></type><isModifier value="true"/><isSummary value="true"/></element><element id="Condition.language"><path value="Condition.language"/><short value="Language of the resource content"/><definition value="The base language in which the resource is written."/><comment value="Language is provided to support indexing and accessibility (typically, services such as text to speech use the language tag). The html language tag in the narrative applies  to the narrative. The language tag on the resource may be used to specify the language of other presentations generated from the data in the resource  Not all the content has to be in the base language. The Resource.language should not be assumed to apply to the narrative automatically. If a language is specified, it should it also be specified on the div element in the html (see rules in HTML5 for information about the relationship between xml:lang and the html lang attribute)."/><min value="0"/><max value="1"/><base><path value="Resource.language"/><min value="0"/><max value="1"/></base><type><code value="code"/></type><binding><extension url="http://hl7.org/fhir/StructureDefinition/elementdefinition-maxValueSet"><valueReference><reference value="http://hl7.org/fhir/ValueSet/all-languages"/></valueReference></extension><extension url="http://hl7.org/fhir/StructureDefinition/elementdefinition-bindingName"><valueString value="Language"/></extension><extension url="http://hl7.org/fhir/StructureDefinition/elementdefinition-isCommonBinding"><valueBoolean value="true"/></extension><strength value="extensible"/><description value="A human language."/><valueSetReference><reference value="http://hl7.org/fhir/ValueSet/languages"/></valueSetReference></binding></element><element id="Condition.text"><path value="Condition.text"/><short value="text"/><definition value="SHALL contain exactly one [1..1] text (CONF:3359-255)."/><comment value="Contained resources do not have narrative. Resources that are not contained SHOULD have a narrative. In some cases, a resource may only have text with little or no additional discrete data (as long as all minOccurs=1 elements are satisfied).  This may be necessary for data from legacy systems where information is captured as a &quot;text blob&quot; or where text is additionally entered raw or narrated and encoded in formation is added later."/><alias value="narrative"/><alias value="html"/><alias value="xhtml"/><alias value="display"/><min value="1"/><max value="1"/><base><path value="DomainResource.text"/><min value="0"/><max value="1"/></base><type><code value="Narrative"/></type><condition value="dom-1"/><mapping><identity value="rim"/><map value="Act.text?"/></mapping></element><element id="Condition.contained"><path value="Condition.contained"/><short value="Contained, inline Resources"/><definition value="These resources do not have an independent existence apart from the resource that contains them - they cannot be identified independently, and nor can they have their own independent transaction scope."/><comment value="This should never be done when the content can be identified properly, as once identification is lost, it is extremely difficult (and context dependent) to restore it again."/><alias value="inline resources"/><alias value="anonymous resources"/><alias value="contained resources"/><min value="0"/><max value="*"/><base><path value="DomainResource.contained"/><min value="0"/><max value="*"/></base><type><code value="Resource"/></type><mapping><identity value="rim"/><map value="N/A"/></mapping></element><element id="Condition.extension"><path value="Condition.extension"/><short value="Additional Content defined by implementations"/><definition value="May be used to represent additional information that is not part of the basic definition of the resource. In order to make the use of extensions safe and manageable, there is a strict set of governance  applied to the definition and use of extensions. Though any implementer is allowed to define an extension, there is a set of requirements that SHALL be met as part of the definition of the extension."/><comment value="There can be no stigma associated with the use of extensions by any application, project, or standard - regardless of the institution or jurisdiction that uses or defines the extensions.  The use of extensions is what allows the FHIR specification to retain a core level of simplicity for everyone."/><alias value="extensions"/><alias value="user content"/><min value="0"/><max value="*"/><base><path value="DomainResource.extension"/><min value="0"/><max value="*"/></base><type><code value="Extension"/></type><mapping><identity value="rim"/><map value="N/A"/></mapping></element><element id="Condition.modifierExtension"><path value="Condition.modifierExtension"/><short value="Extensions that cannot be ignored"/><definition value="May be used to represent additional information that is not part of the basic definition of the resource, and that modifies the understanding of the element that contains it. Usually modifier elements provide negation or qualification. In order to make the use of extensions safe and manageable, there is a strict set of governance applied to the definition and use of extensions. Though any implementer is allowed to define an extension, there is a set of requirements that SHALL be met as part of the definition of the extension. Applications processing a resource are required to check for modifier extensions."/><comment value="There can be no stigma associated with the use of extensions by any application, project, or standard - regardless of the institution or jurisdiction that uses or defines the extensions.  The use of extensions is what allows the FHIR specification to retain a core level of simplicity for everyone."/><alias value="extensions"/><alias value="user content"/><min value="0"/><max value="*"/><base><path value="DomainResource.modifierExtension"/><min value="0"/><max value="*"/></base><type><code value="Extension"/></type><isModifier value="true"/><mapping><identity value="rim"/><map value="N/A"/></mapping></element><element id="Condition.identifier"><path value="Condition.identifier"/><short value="External Ids for this condition"/><definition value="This records identifiers associated with this condition that are defined by business processes and/or used to refer to it when a direct URL reference to the resource itself is not appropriate (e.g. in CDA documents, or in written / printed documentation)."/><requirements value="Need to allow connection to a wider workflow."/><min value="0"/><max value="*"/><base><path value="Condition.identifier"/><min value="0"/><max value="*"/></base><type><code value="Identifier"/></type><isSummary value="true"/><mapping><identity value="workflow"/><map value="Event.identifier"/></mapping><mapping><identity value="rim"/><map value=".id"/></mapping><mapping><identity value="w5"/><map value="id"/></mapping></element><element id="Condition.clinicalStatus"><path value="Condition.clinicalStatus"/><short value="active | recurrence | relapse | well-controlled | poorly-controlled | inactive | remission | resolved"/><definition value="The clinical status of the condition."/><comment value="This element is labeled as a modifier because the status contains codes that mark the condition as not currently valid or of concern.  &#xA;It is possible that the well-controlled or poorly-controlled clinical status could alternatively be conveyed via a pre-coordinated Condition.code."/><min value="0"/><max value="1"/><base><path value="Condition.clinicalStatus"/><min value="0"/><max value="1"/></base><type><code value="code"/></type><condition value="con-3"/><condition value="con-4"/><isModifier value="true"/><isSummary value="true"/><binding><extension url="http://hl7.org/fhir/StructureDefinition/elementdefinition-bindingName"><valueString value="ConditionClinicalStatus"/></extension><strength value="required"/><description value="The clinical status of the condition or diagnosis."/><valueSetReference><reference value="http://hl7.org/fhir/ValueSet/condition-clinical"/></valueSetReference></binding><mapping><identity value="workflow"/><map value="Event.status"/></mapping><mapping><identity value="sct-concept"/><map value="&lt; 303105007 |Disease phases|"/></mapping><mapping><identity value="v2"/><map value="PRB-14"/></mapping><mapping><identity value="rim"/><map value="Observation ACT&#xA;.inboundRelationship[typeCode=COMP].source[classCode=OBS, code=&quot;clinicalStatus&quot;, moodCode=EVN].value"/></mapping><mapping><identity value="w5"/><map value="status"/></mapping></element><element id="Condition.verificationStatus"><path value="Condition.verificationStatus"/><short value="unconfirmed | provisional | differential | confirmed | refuted | entered-in-error"/><definition value="The verification status to support the clinical status of the condition."/><comment value="verificationStatus is not required.  For example, when a patient has abdominal pain in the ED, there is not likely going to be a verification status.&#xA;&#xA;This element is labeled as a modifier because the status contains the code refuted and entered-in-error that mark the Condition as not currently valid."/><min value="0"/><max value="1"/><base><path value="Condition.verificationStatus"/><min value="0"/><max value="1"/></base><type><code value="code"/></type><defaultValueCode value="unknown"/><condition value="con-3"/><isModifier value="true"/><isSummary value="true"/><binding><extension url="http://hl7.org/fhir/StructureDefinition/elementdefinition-bindingName"><valueString value="ConditionVerificationStatus"/></extension><strength value="required"/><description value="The verification status to support or decline the clinical status of the condition or diagnosis."/><valueSetReference><reference value="http://hl7.org/fhir/ValueSet/condition-ver-status"/></valueSetReference></binding><mapping><identity value="workflow"/><map value="Event.status"/></mapping><mapping><identity value="sct-concept"/><map value="&lt; 410514004 |Finding context value|"/></mapping><mapping><identity value="v2"/><map value="PRB-13"/></mapping><mapping><identity value="rim"/><map value="Observation ACT&#xA;.inboundRelationship[typeCode=COMP].source[classCode=OBS, code=&quot;verificationStatus&quot;, moodCode=EVN].value"/></mapping><mapping><identity value="sct-attr"/><map value="408729009"/></mapping><mapping><identity value="w5"/><map value="status"/></mapping></element><element id="Condition.category"><path value="Condition.category"/><short value="problem-list-item | encounter-diagnosis"/><definition value="A category assigned to the condition."/><comment value="The categorization is often highly contextual and may appear poorly differentiated or not very useful in other contexts."/><min value="0"/><max value="*"/><base><path value="Condition.category"/><min value="0"/><max value="*"/></base><type><code value="CodeableConcept"/></type><binding><extension url="http://hl7.org/fhir/StructureDefinition/elementdefinition-bindingName"><valueString value="ConditionCategory"/></extension><strength value="example"/><description value="A category assigned to the condition."/><valueSetReference><reference value="http://hl7.org/fhir/ValueSet/condition-category"/></valueSetReference></binding><mapping><identity value="sct-concept"/><map value="&lt; 404684003 |Clinical finding|"/></mapping><mapping><identity value="v2"/><map value="&#39;problem&#39; if from PRB-3. &#39;diagnosis&#39; if from DG1 segment in PV1 message"/></mapping><mapping><identity value="rim"/><map value=".code"/></mapping><mapping><identity value="w5"/><map value="class"/></mapping></element><element id="Condition.severity"><path value="Condition.severity"/><short value="Subjective severity of condition"/><definition value="A subjective assessment of the severity of the condition as evaluated by the clinician."/><comment value="Coding of the severity with a terminology is preferred, where possible."/><min value="0"/><max value="1"/><base><path value="Condition.severity"/><min value="0"/><max value="1"/></base><type><code value="CodeableConcept"/></type><binding><extension url="http://hl7.org/fhir/StructureDefinition/elementdefinition-bindingName"><valueString value="ConditionSeverity"/></extension><strength value="preferred"/><description value="A subjective assessment of the severity of the condition as evaluated by the clinician."/><valueSetReference><reference value="http://hl7.org/fhir/ValueSet/condition-severity"/></valueSetReference></binding><mapping><identity value="sct-concept"/><map value="&lt; 272141005 |Severities|"/></mapping><mapping><identity value="v2"/><map value="PRB-26 / ABS-3"/></mapping><mapping><identity value="rim"/><map value="Can be pre/post-coordinated into value.  Or ./inboundRelationship[typeCode=SUBJ].source[classCode=OBS, moodCode=EVN, code=&quot;severity&quot;].value"/></mapping><mapping><identity value="sct-attr"/><map value="246112005"/></mapping><mapping><identity value="w5"/><map value="grade"/></mapping></element><element id="Condition.code"><path value="Condition.code"/><short value="Identification of the condition, problem or diagnosis"/><definition value="Identification of the condition, problem or diagnosis."/><requirements value="0..1 to account for primarily narrative only resources."/><alias value="type"/><min value="0"/><max value="1"/><base><path value="Condition.code"/><min value="0"/><max value="1"/></base><type><code value="CodeableConcept"/></type><isSummary value="true"/><binding><extension url="http://hl7.org/fhir/StructureDefinition/elementdefinition-bindingName"><valueString value="ConditionKind"/></extension><strength value="example"/><description value="Identification of the condition or diagnosis."/><valueSetReference><reference value="http://hl7.org/fhir/ValueSet/condition-code"/></valueSetReference></binding><mapping><identity value="workflow"/><map value="Event.code"/></mapping><mapping><identity value="sct-concept"/><map value="code 246090004 |Associated finding| (&lt; 404684003 |Clinical finding| MINUS&#xA;&lt;&lt; 420134006 |Propensity to adverse reactions| MINUS &#xA;&lt;&lt; 473010000 |Hypersensitivity condition| MINUS &#xA;&lt;&lt; 79899007 |Drug interaction| MINUS&#xA;&lt;&lt; 69449002 |Drug action| MINUS &#xA;&lt;&lt; 441742003 |Evaluation finding| MINUS &#xA;&lt;&lt; 307824009 |Administrative status| MINUS &#xA;&lt;&lt; 385356007 |Tumor stage finding|) &#xA;OR &lt; 413350009 |Finding with explicit context|&#xA;OR &lt; 272379006 |Event|"/></mapping><mapping><identity value="v2"/><map value="PRB-3"/></mapping><mapping><identity value="rim"/><map value=".value"/></mapping><mapping><identity value="sct-attr"/><map value="246090004"/></mapping><mapping><identity value="w5"/><map value="what"/></mapping></element><element id="Condition.bodySite"><path value="Condition.bodySite"/><short value="Anatomical location, if relevant"/><definition value="The anatomical location where this condition manifests itself."/><comment value="Only used if not implicit in code found in Condition.code. If the use case requires attributes from the BodySite resource (e.g. to identify and track separately) then use the standard extension [body-structure](extension-body-structure.html).  May be a summary code, or a reference to a very precise definition of the location, or both."/><min value="0"/><max value="*"/><base><path value="Condition.bodySite"/><min value="0"/><max value="*"/></base><type><code value="CodeableConcept"/></type><isSummary value="true"/><binding><extension url="http://hl7.org/fhir/StructureDefinition/elementdefinition-bindingName"><valueString value="BodySite"/></extension><strength value="example"/><description value="Codes describing anatomical locations. May include laterality."/><valueSetReference><reference value="http://hl7.org/fhir/ValueSet/body-site"/></valueSetReference></binding><mapping><identity value="sct-concept"/><map value="&lt; 442083009  |Anatomical or acquired body structure|"/></mapping><mapping><identity value="rim"/><map value=".targetBodySiteCode"/></mapping><mapping><identity value="sct-attr"/><map value="363698007"/></mapping></element><element id="Condition.subject"><path value="Condition.subject"/><short value="subject"/><definition value="SHALL contain exactly one [1..1] subject (CONF:3359-253)."/><requirements value="Group is typically used for veterinary or public health use cases."/><alias value="patient"/><min value="1"/><max value="1"/><base><path value="Condition.subject"/><min value="1"/><max value="1"/></base><type><code value="Reference"/><targetProfile value="http://hl7.org/fhir/StructureDefinition/Patient"/></type><type><code value="Reference"/><targetProfile value="http://hl7.org/fhir/StructureDefinition/Group"/></type><isSummary value="true"/><mapping><identity value="workflow"/><map value="Event.subject"/></mapping><mapping><identity value="v2"/><map value="PID-3"/></mapping><mapping><identity value="rim"/><map value=".participation[typeCode=SBJ].role[classCode=PAT]"/></mapping><mapping><identity value="w5"/><map value="who.focus"/></mapping></element><element id="Condition.subject.id"><path value="Condition.subject.id"/><representation value="xmlAttr"/><short value="xml:id (or equivalent in JSON)"/><definition value="unique id for the element within a resource (for internal references). This may be any string value that does not contain spaces."/><min value="0"/><max value="1"/><base><path value="Element.id"/><min value="0"/><max value="1"/></base><type><code value="string"/></type><mapping><identity value="rim"/><map value="n/a"/></mapping></element><element id="Condition.subject.extension"><path value="Condition.subject.extension"/><slicing><discriminator><type value="value"/><path value="url"/></discriminator><description value="Extensions are always sliced by (at least) url"/><rules value="open"/></slicing><short value="Additional Content defined by implementations"/><definition value="May be used to represent additional information that is not part of the basic definition of the element. In order to make the use of extensions safe and manageable, there is a strict set of governance  applied to the definition and use of extensions. Though any implementer is allowed to define an extension, there is a set of requirements that SHALL be met as part of the definition of the extension."/><comment value="There can be no stigma associated with the use of extensions by any application, project, or standard - regardless of the institution or jurisdiction that uses or defines the extensions.  The use of extensions is what allows the FHIR specification to retain a core level of simplicity for everyone."/><alias value="extensions"/><alias value="user content"/><min value="0"/><max value="*"/><base><path value="Element.extension"/><min value="0"/><max value="*"/></base><type><code value="Extension"/></type><mapping><identity value="rim"/><map value="n/a"/></mapping></element><element id="Condition.subject.reference"><path value="Condition.subject.reference"/><short value="reference"/><definition value="This subject SHALL contain exactly one [1..1] reference (CONF:3359-254)."/><comment value="Using absolute URLs provides a stable scalable approach suitable for a cloud/web context, while using relative/logical references provides a flexible approach suitable for use when trading across closed eco-system boundaries.   Absolute URLs do not need to point to a FHIR RESTful server, though this is the preferred approach. If the URL conforms to the structure &quot;/[type]/[id]&quot; then it should be assumed that the reference is to a FHIR RESTful server."/><min value="1"/><max value="1"/><base><path value="Reference.reference"/><min value="0"/><max value="1"/></base><type><code value="string"/></type><condition value="ref-1"/><isSummary value="true"/><mapping><identity value="rim"/><map value="N/A"/></mapping></element><element id="Condition.subject.identifier"><path value="Condition.subject.identifier"/><short value="Logical reference, when literal reference is not known"/><definition value="An identifier for the target resource. This is used when there is no way to reference the other resource directly, either because the entity it represents is not available through a FHIR server, or because there is no way for the author of the resource to convert a known identifier to an actual location. There is no requirement that a Reference.identifier point to something that is actually exposed as a FHIR instance, but it SHALL point to a business concept that would be expected to be exposed as a FHIR instance, and that instance would need to be of a FHIR resource type allowed by the reference."/><comment value="When an identifier is provided in place of a reference, any system processing the reference will only be able to resolve the identifier to a reference if it understands the business context in which the identifier is used. Sometimes this is global (e.g. a national identifier) but often it is not. For this reason, none of the useful mechanisms described for working with references (e.g. chaining, includes) are possible, nor should servers be expected to be able resolve the reference. Servers may accept an identifier based reference untouched, resolve it, and/or reject it - see CapabilityStatement.rest.resource.referencePolicy. &#xA;&#xA;When both an identifier and a literal reference are provided, the literal reference is preferred. Applications processing the resource are allowed - but not required - to check that the identifier matches the literal reference&#xA;&#xA;Applications converting a logical reference to a literal reference may choose to leave the logical reference present, or remove it.&#xA;&#xA;Reference is intended to point to a structure that can potentially be expressed as a FHIR resource, though there is no need for it to exist as an actual FHIR resource instance - except in as much as an application wishes to actual find the target of the reference. The content referred to be the identifier must meet the logical constraints implied by any limitations on what resource types are permitted for the reference.  For example, it would not be legitimate to send the identifier for a drug prescription if the type were Reference(Observation|DiagnosticReport).  One of the use-cases for Reference.identifier is the situation where no FHIR representation exists (where the type is Reference (Any)."/><min value="0"/><max value="1"/><base><path value="Reference.identifier"/><min value="0"/><max value="1"/></base><type><code value="Identifier"/></type><isSummary value="true"/><mapping><identity value="rim"/><map value=".identifier"/></mapping></element><element id="Condition.subject.display"><extension url="http://hl7.org/fhir/StructureDefinition/elementdefinition-translatable"><valueBoolean value="true"/></extension><path value="Condition.subject.display"/><short value="Text alternative for the resource"/><definition value="Plain text narrative that identifies the resource in addition to the resource reference."/><comment value="This is generally not the same as the Resource.text of the referenced resource.  The purpose is to identify what&#39;s being referenced, not to fully describe it."/><min value="0"/><max value="1"/><base><path value="Reference.display"/><min value="0"/><max value="1"/></base><type><code value="string"/></type><isSummary value="true"/><mapping><identity value="rim"/><map value="N/A"/></mapping></element><element id="Condition.context"><path value="Condition.context"/><short value="Encounter or episode when condition first asserted"/><definition value="Encounter during which the condition was first asserted."/><comment value="This record indicates the encounter this particular record is associated with.  In the case of a &quot;new&quot; diagnosis reflecting ongoing/revised information about the condition, this might be distinct from the first encounter in which the underlying condition was first &quot;known&quot;."/><alias value="encounter"/><min value="0"/><max value="1"/><base><path value="Condition.context"/><min value="0"/><max value="1"/></base><type><code value="Reference"/><targetProfile value="http://hl7.org/fhir/StructureDefinition/Encounter"/></type><type><code value="Reference"/><targetProfile value="http://hl7.org/fhir/StructureDefinition/EpisodeOfCare"/></type><isSummary value="true"/><mapping><identity value="workflow"/><map value="Event.context"/></mapping><mapping><identity value="v2"/><map value="PV1-19 (+PV1-54)"/></mapping><mapping><identity value="rim"/><map value=".inboundRelationship[typeCode=COMP].source[classCode=ENC, moodCode=EVN]"/></mapping><mapping><identity value="w5"/><map value="context"/></mapping></element><element id="Condition.onset[x]"><path value="Condition.onset[x]"/><slicing><discriminator><type value="value"/><path value="@type"/></discriminator><rules value="open"/></slicing><short value="onset[x]"/><definition value="SHOULD contain exactly one [1..1] onset[x], where onset[x] is (CONF:3359-1)"/><comment value="Age is generally used when the patient reports an age at which the Condition began to occur."/><min value="1"/><max value="1"/><base><path value="Condition.onset[x]"/><min value="0"/><max value="1"/></base><type><code value="dateTime"/></type><type><code value="Age"/></type><type><code value="Period"/></type><type><code value="Range"/></type><type><code value="string"/></type><isSummary value="true"/><mapping><identity value="v2"/><map value="PRB-16"/></mapping><mapping><identity value="rim"/><map value=".effectiveTime.low or .inboundRelationship[typeCode=SUBJ].source[classCode=OBS, moodCode=EVN, code=&quot;age at onset&quot;].value"/></mapping><mapping><identity value="w5"/><map value="when.init"/></mapping></element><element id="Condition.abatement[x]"><path value="Condition.abatement[x]"/><short value="When in resolution/remission"/><definition value="The date or estimated date that the condition resolved or went into remission. This is called &quot;abatement&quot; because of the many overloaded connotations associated with &quot;remission&quot; or &quot;resolution&quot; - Conditions are never really resolved, but they can abate."/><comment value="There is no explicit distinction between resolution and remission because in many cases the distinction is not clear. Age is generally used when the patient reports an age at which the Condition abated.  If there is no abatement element, it is unknown whether the condition has resolved or entered remission; applications and users should generally assume that the condition is still valid.  When abatementString exists, it implies the condition is abated."/><min value="0"/><max value="1"/><base><path value="Condition.abatement[x]"/><min value="0"/><max value="1"/></base><type><code value="dateTime"/></type><type><code value="Age"/></type><type><code value="Period"/></type><type><code value="Range"/></type><type><code value="string"/></type><condition value="con-4"/><mapping><identity value="rim"/><map value=".effectiveTime.high or .inboundRelationship[typeCode=SUBJ].source[classCode=OBS, moodCode=EVN, code=&quot;age at remission&quot;].value or .inboundRelationship[typeCode=SUBJ]source[classCode=CONC, moodCode=EVN].status=completed"/></mapping><mapping><identity value="w5"/><map value="when.done"/></mapping></element><element id="Condition.assertedDate"><path value="Condition.assertedDate"/><short value="Date record was believed accurate"/><definition value="The date on which the existance of the Condition was first asserted or acknowledged."/><comment value="The assertedDate represents the date when this particular Condition record was created in the EHR, not the date of the most recent update in terms of when severity, abatement, etc. were specified. &#xA0;The date of the last record modification can be retrieved from the resource metadata."/><min value="0"/><max value="1"/><base><path value="Condition.assertedDate"/><min value="0"/><max value="1"/></base><type><code value="dateTime"/></type><isSummary value="true"/><mapping><identity value="workflow"/><map value="Event.occurrence[x]"/></mapping><mapping><identity value="v2"/><map value="REL-11"/></mapping><mapping><identity value="rim"/><map value=".participation[typeCode=AUT].time"/></mapping><mapping><identity value="w5"/><map value="when.recorded"/></mapping></element><element id="Condition.recorder"><path value="Condition.recorder"/><short value="Who recorded the condition"/><definition value="Individual who recorded the record and takes responsibility for its content."/><min value="0"/><max value="1"/><base><path value="Condition.recorder"/><min value="0"/><max value="1"/></base><type><code value="Reference"/><targetProfile value="http://hl7.org/fhir/StructureDefinition/Practitioner"/></type><type><code value="Reference"/><targetProfile value="http://hl7.org/fhir/StructureDefinition/Patient"/></type><type><code value="Reference"/><targetProfile value="http://hl7.org/fhir/StructureDefinition/RelatedPerson"/></type><isSummary value="true"/><mapping><identity value="rim"/><map value=".participation[typeCode=AUT].role"/></mapping><mapping><identity value="w5"/><map value="who.author"/></mapping></element><element id="Condition.asserter"><path value="Condition.asserter"/><short value="Person who asserts this condition"/><definition value="Individual who is making the condition statement."/><min value="0"/><max value="1"/><base><path value="Condition.asserter"/><min value="0"/><max value="1"/></base><type><code value="Reference"/><targetProfile value="http://hl7.org/fhir/StructureDefinition/Practitioner"/></type><type><code value="Reference"/><targetProfile value="http://hl7.org/fhir/StructureDefinition/PractitionerRole"/></type><type><code value="Reference"/><targetProfile value="http://hl7.org/fhir/StructureDefinition/Patient"/></type><type><code value="Reference"/><targetProfile value="http://hl7.org/fhir/StructureDefinition/RelatedPerson"/></type><isSummary value="true"/><mapping><identity value="workflow"/><map value="Event.performer.actor"/></mapping><mapping><identity value="v2"/><map value="REL-7.1 identifier + REL-7.12 type code"/></mapping><mapping><identity value="rim"/><map value=".participation[typeCode=INF].role"/></mapping><mapping><identity value="w5"/><map value="who.source"/></mapping></element><element id="Condition.stage"><path value="Condition.stage"/><short value="Stage/grade, usually assessed formally"/><definition value="Clinical stage or grade of a condition. May include formal severity assessments."/><min value="0"/><max value="*"/><base><path value="Condition.stage"/><min value="0"/><max value="*"/></base><type><code value="BackboneElement"/></type><constraint><key value="ele-1"/><severity value="error"/><human value="All FHIR elements must have a @value or children"/><expression value="hasValue() | (children().count() &gt; id.count())"/><xpath value="@value|f:*|h:div"/><source value="Element"/></constraint><constraint><key value="con-1"/><severity value="error"/><human value="Stage SHALL have summary or assessment"/><expression value="summary.exists() or assessment.exists()"/><xpath value="exists(f:summary) or exists(f:assessment)"/></constraint><mapping><identity value="rim"/><map value="./inboundRelationship[typeCode=SUBJ].source[classCode=OBS, moodCode=EVN, code=&quot;stage/grade&quot;]"/></mapping></element><element id="Condition.stage.id"><path value="Condition.stage.id"/><representation value="xmlAttr"/><short value="xml:id (or equivalent in JSON)"/><definition value="unique id for the element within a resource (for internal references). This may be any string value that does not contain spaces."/><min value="0"/><max value="1"/><base><path value="Element.id"/><min value="0"/><max value="1"/></base><type><code value="string"/></type><mapping><identity value="rim"/><map value="n/a"/></mapping></element><element id="Condition.stage.extension"><path value="Condition.stage.extension"/><short value="Additional Content defined by implementations"/><definition value="May be used to represent additional information that is not part of the basic definition of the element. In order to make the use of extensions safe and manageable, there is a strict set of governance  applied to the definition and use of extensions. Though any implementer is allowed to define an extension, there is a set of requirements that SHALL be met as part of the definition of the extension."/><comment value="There can be no stigma associated with the use of extensions by any application, project, or standard - regardless of the institution or jurisdiction that uses or defines the extensions.  The use of extensions is what allows the FHIR specification to retain a core level of simplicity for everyone."/><alias value="extensions"/><alias value="user content"/><min value="0"/><max value="*"/><base><path value="Element.extension"/><min value="0"/><max value="*"/></base><type><code value="Extension"/></type><mapping><identity value="rim"/><map value="n/a"/></mapping></element><element id="Condition.stage.modifierExtension"><path value="Condition.stage.modifierExtension"/><short value="Extensions that cannot be ignored"/><definition value="May be used to represent additional information that is not part of the basic definition of the element, and that modifies the understanding of the element that contains it. Usually modifier elements provide negation or qualification. In order to make the use of extensions safe and manageable, there is a strict set of governance applied to the definition and use of extensions. Though any implementer is allowed to define an extension, there is a set of requirements that SHALL be met as part of the definition of the extension. Applications processing a resource are required to check for modifier extensions."/><comment value="There can be no stigma associated with the use of extensions by any application, project, or standard - regardless of the institution or jurisdiction that uses or defines the extensions.  The use of extensions is what allows the FHIR specification to retain a core level of simplicity for everyone."/><alias value="extensions"/><alias value="user content"/><alias value="modifiers"/><min value="0"/><max value="*"/><base><path value="BackboneElement.modifierExtension"/><min value="0"/><max value="*"/></base><type><code value="Extension"/></type><isModifier value="true"/><isSummary value="true"/><mapping><identity value="rim"/><map value="N/A"/></mapping></element><element id="Condition.stage.summary"><path value="Condition.stage.summary"/><short value="Simple summary (disease specific)"/><definition value="A simple summary of the stage such as &quot;Stage 3&quot;. The determination of the stage is disease-specific."/><min value="0"/><max value="1"/><base><path value="Condition.stage.summary"/><min value="0"/><max value="1"/></base><type><code value="CodeableConcept"/></type><condition value="con-1"/><binding><extension url="http://hl7.org/fhir/StructureDefinition/elementdefinition-bindingName"><valueString value="ConditionStage"/></extension><strength value="example"/><description value="Codes describing condition stages (e.g. Cancer stages)."/><valueSetReference><reference value="http://hl7.org/fhir/ValueSet/condition-stage"/></valueSetReference></binding><mapping><identity value="sct-concept"/><map value="&lt; 254291000 |Staging and scales|"/></mapping><mapping><identity value="v2"/><map value="PRB-14"/></mapping><mapping><identity value="rim"/><map value=".value"/></mapping></element><element id="Condition.stage.assessment"><path value="Condition.stage.assessment"/><short value="Formal record of assessment"/><definition value="Reference to a formal record of the evidence on which the staging assessment is based."/><min value="0"/><max value="*"/><base><path value="Condition.stage.assessment"/><min value="0"/><max value="*"/></base><type><code value="Reference"/><targetProfile value="http://hl7.org/fhir/StructureDefinition/ClinicalImpression"/></type><type><code value="Reference"/><targetProfile value="http://hl7.org/fhir/StructureDefinition/DiagnosticReport"/></type><type><code value="Reference"/><targetProfile value="http://hl7.org/fhir/StructureDefinition/Observation"/></type><condition value="con-1"/><mapping><identity value="rim"/><map value=".self"/></mapping></element><element id="Condition.stage.type"><path value="Condition.stage.type"/><short value="Kind of staging"/><definition value="The kind of staging, such as pathological or clinical staging."/><min value="0"/><max value="1"/><base><path value="Condition.stage.type"/><min value="0"/><max value="1"/></base><type><code value="CodeableConcept"/></type><binding><extension url="http://hl7.org/fhir/StructureDefinition/elementdefinition-bindingName"><valueString value="ConditionStageType"/></extension><strength value="example"/><description value="Codes describing the kind of condition staging (e.g. clinical or pathological)."/><valueSetReference><reference value="http://hl7.org/fhir/ValueSet/condition-stage-type"/></valueSetReference></binding><mapping><identity value="rim"/><map value="./inboundRelationship[typeCode=SUBJ].source[classCode=OBS, moodCode=EVN, code=&quot;stage type&quot;]"/></mapping></element><element id="Condition.evidence"><path value="Condition.evidence"/><short value="Supporting evidence"/><definition value="Supporting Evidence / manifestations that are the basis on which this condition is suspected or confirmed."/><comment value="The evidence may be a simple list of coded symptoms/manifestations, or references to observations or formal assessments, or both."/><min value="0"/><max value="*"/><base><path value="Condition.evidence"/><min value="0"/><max value="*"/></base><type><code value="BackboneElement"/></type><constraint><key value="ele-1"/><severity value="error"/><human value="All FHIR elements must have a @value or children"/><expression value="hasValue() | (children().count() &gt; id.count())"/><xpath value="@value|f:*|h:div"/><source value="Element"/></constraint><constraint><key value="con-2"/><severity value="error"/><human value="evidence SHALL have code or details"/><expression value="code.exists() or detail.exists()"/><xpath value="exists(f:code) or exists(f:detail)"/></constraint><mapping><identity value="rim"/><map value=".outboundRelationship[typeCode=SPRT].target[classCode=OBS, moodCode=EVN]"/></mapping></element><element id="Condition.evidence.id"><path value="Condition.evidence.id"/><representation value="xmlAttr"/><short value="xml:id (or equivalent in JSON)"/><definition value="unique id for the element within a resource (for internal references). This may be any string value that does not contain spaces."/><min value="0"/><max value="1"/><base><path value="Element.id"/><min value="0"/><max value="1"/></base><type><code value="string"/></type><mapping><identity value="rim"/><map value="n/a"/></mapping></element><element id="Condition.evidence.extension"><path value="Condition.evidence.extension"/><short value="Additional Content defined by implementations"/><definition value="May be used to represent additional information that is not part of the basic definition of the element. In order to make the use of extensions safe and manageable, there is a strict set of governance  applied to the definition and use of extensions. Though any implementer is allowed to define an extension, there is a set of requirements that SHALL be met as part of the definition of the extension."/><comment value="There can be no stigma associated with the use of extensions by any application, project, or standard - regardless of the institution or jurisdiction that uses or defines the extensions.  The use of extensions is what allows the FHIR specification to retain a core level of simplicity for everyone."/><alias value="extensions"/><alias value="user content"/><min value="0"/><max value="*"/><base><path value="Element.extension"/><min value="0"/><max value="*"/></base><type><code value="Extension"/></type><mapping><identity value="rim"/><map value="n/a"/></mapping></element><element id="Condition.evidence.modifierExtension"><path value="Condition.evidence.modifierExtension"/><short value="Extensions that cannot be ignored"/><definition value="May be used to represent additional information that is not part of the basic definition of the element, and that modifies the understanding of the element that contains it. Usually modifier elements provide negation or qualification. In order to make the use of extensions safe and manageable, there is a strict set of governance applied to the definition and use of extensions. Though any implementer is allowed to define an extension, there is a set of requirements that SHALL be met as part of the definition of the extension. Applications processing a resource are required to check for modifier extensions."/><comment value="There can be no stigma associated with the use of extensions by any application, project, or standard - regardless of the institution or jurisdiction that uses or defines the extensions.  The use of extensions is what allows the FHIR specification to retain a core level of simplicity for everyone."/><alias value="extensions"/><alias value="user content"/><alias value="modifiers"/><min value="0"/><max value="*"/><base><path value="BackboneElement.modifierExtension"/><min value="0"/><max value="*"/></base><type><code value="Extension"/></type><isModifier value="true"/><isSummary value="true"/><mapping><identity value="rim"/><map value="N/A"/></mapping></element><element id="Condition.evidence.code"><path value="Condition.evidence.code"/><short value="Manifestation/symptom"/><definition value="A manifestation or symptom that led to the recording of this condition."/><min value="0"/><max value="*"/><base><path value="Condition.evidence.code"/><min value="0"/><max value="*"/></base><type><code value="CodeableConcept"/></type><condition value="con-2"/><isSummary value="true"/><binding><extension url="http://hl7.org/fhir/StructureDefinition/elementdefinition-bindingName"><valueString value="ManifestationOrSymptom"/></extension><strength value="example"/><description value="Codes that describe the manifestation or symptoms of a condition."/><valueSetReference><reference value="http://hl7.org/fhir/ValueSet/manifestation-or-symptom"/></valueSetReference></binding><mapping><identity value="workflow"/><map value="Event.reasonCode"/></mapping><mapping><identity value="sct-concept"/><map value="&lt; 404684003 |Clinical finding|"/></mapping><mapping><identity value="rim"/><map value="[code=&quot;diagnosis&quot;].value"/></mapping><mapping><identity value="w5"/><map value="why"/></mapping></element><element id="Condition.evidence.detail"><path value="Condition.evidence.detail"/><short value="Supporting information found elsewhere"/><definition value="Links to other relevant information, including pathology reports."/><min value="0"/><max value="*"/><base><path value="Condition.evidence.detail"/><min value="0"/><max value="*"/></base><type><code value="Reference"/><targetProfile value="http://hl7.org/fhir/StructureDefinition/Resource"/></type><condition value="con-2"/><isSummary value="true"/><mapping><identity value="workflow"/><map value="Event.reasonReference"/></mapping><mapping><identity value="rim"/><map value=".self"/></mapping><mapping><identity value="w5"/><map value="why"/></mapping></element><element id="Condition.note"><path value="Condition.note"/><short value="Additional information about the Condition"/><definition value="Additional information about the Condition. This is a general notes/comments entry  for description of the Condition, its diagnosis and prognosis."/><min value="0"/><max value="*"/><base><path value="Condition.note"/><min value="0"/><max value="*"/></base><type><code value="Annotation"/></type><mapping><identity value="workflow"/><map value="Event.note"/></mapping><mapping><identity value="v2"/><map value="NTE child of PRB"/></mapping><mapping><identity value="rim"/><map value=".inboundRelationship[typeCode=SUBJ].source[classCode=OBS, moodCode=EVN, code=&quot;annotation&quot;].value"/></mapping></element></snapshot><differential><element id="Condition"><path value="Condition"/></element><element id="Condition.text"><path value="Condition.text"/><short value="text"/><definition value="SHALL contain exactly one [1..1] text (CONF:3359-255)."/><min value="1"/><max value="1"/></element><element id="Condition.subject"><path value="Condition.subject"/><short value="subject"/><definition value="SHALL contain exactly one [1..1] subject (CONF:3359-253)."/><min value="1"/><max value="1"/></element><element id="Condition.subject.reference"><path value="Condition.subject.reference"/><short value="reference"/><definition value="This subject SHALL contain exactly one [1..1] reference (CONF:3359-254)."/><min value="1"/><max value="1"/></element><element id="Condition.onset[x]"><path value="Condition.onset[x]"/><slicing><discriminator><type value="value"/><path value="@type"/></discriminator><rules value="open"/></slicing><short value="onset[x]"/><definition value="SHOULD contain exactly one [1..1] onset[x], where onset[x] is (CONF:3359-1)"/><min value="1"/><max value="1"/></element></differential></StructureDefinition>