{"resourceType":"StructureDefinition","id":"primitive-unsignedInt-extension","text":{"status":"generated","div":"<div xmlns=\"http://www.w3.org/1999/xhtml\">\n  <p><b>SDR unsignedInt Extension</b></p>\n  <p/>\n</div>"},"url":"http://nightingaleproject.github.io/fhirDeathRecord/StructureDefinition/primitive-unsignedInt-extension","identifier":[{"system":"http://github.com/nightingaleproject/fhirDeathRecord","value":"unsignedInt"}],"version":"0.0.1","name":"SDR unsignedInt Extension","title":"SDR unsignedInt Extension","status":"draft","date":"2018-03-15","publisher":"The MITRE Corporation: Nightingale Project","contact":[{"telecom":[{"system":"url","value":"http://github.com/nightingaleproject/fhirDeathRecord"}]}],"description":"The unsignedInt that represents the value of the SDR element to which it is applied.","fhirVersion":"3.0.1","kind":"complex-type","abstract":false,"contextType":"resource","context":["*"],"type":"Extension","baseDefinition":"http://hl7.org/fhir/StructureDefinition/Extension","derivation":"constraint","snapshot":{"element":[{"id":"Extension:unsignedint","path":"Extension","short":"unsignedInt","definition":"The unsignedInt that represents the value of the SDR element to which it is applied.","min":0,"max":"*","base":{"path":"Extension","min":0,"max":"1"},"condition":["ele-1"],"constraint":[{"key":"ele-1","severity":"error","human":"All FHIR elements must have a @value or children","expression":"children().count() > id.count()","xpath":"@value|f:*|h:div","source":"Element"},{"key":"ext-1","severity":"error","human":"Must have either extensions or value[x], not both","expression":"extension.exists() != value.exists()","xpath":"exists(f:extension)!=exists(f:*[starts-with(local-name(.), 'value')])","source":"Extension"}]},{"id":"Extension:unsignedint.id","path":"Extension.id","representation":["xmlAttr"],"short":"xml:id (or equivalent in JSON)","definition":"unique id for the element within a resource (for internal references). This may be any string value that does not contain spaces.","min":0,"max":"1","base":{"path":"Element.id","min":0,"max":"1"},"type":[{"code":"string"}],"mapping":[{"identity":"rim","map":"N/A"}]},{"id":"Extension:unsignedint.extension:extension","path":"Extension.extension","sliceName":"extension","short":"Extension","definition":"An Extension","min":0,"max":"0","base":{"path":"Element.extension","min":0,"max":"*"},"type":[{"code":"Extension"}]},{"id":"Extension:unsignedint.url","path":"Extension.url","representation":["xmlAttr"],"short":"identifies the meaning of the extension","definition":"Source of the definition for the extension code - a logical name or a URL.","comment":"The definition may point directly to a computable or human-readable definition of the extensibility codes, or it may be a logical URI as declared in some other specification. The definition SHALL be a URI for the Structure Definition defining the extension.","min":1,"max":"1","base":{"path":"Extension.url","min":1,"max":"1"},"type":[{"code":"uri"}],"fixedUri":"http://nightingaleproject.github.io/fhirDeathRecord/StructureDefinition/primitive-unsignedInt-extension","mapping":[{"identity":"rim","map":"N/A"}]},{"id":"Extension:unsignedint.valueUnsignedInt","path":"Extension.valueUnsignedInt","short":"Value of extension","definition":"Value of extension - may be a resource or one of a constrained set of the data types (see Extensibility in the spec for list).","min":1,"max":"1","base":{"path":"Extension.value[x]","min":0,"max":"1"},"type":[{"code":"unsignedInt"}],"mapping":[{"identity":"rim","map":"N/A"}]}]},"differential":{"element":[{"id":"Extension:unsignedint","path":"Extension","short":"unsignedInt","definition":"The unsignedInt that represents the value of the SDR element to which it is applied.","min":0,"max":"*"},{"id":"Extension:unsignedint.extension:extension","path":"Extension.extension","sliceName":"extension","max":"0"},{"id":"Extension:unsignedint.url","path":"Extension.url","type":[{"code":"uri"}],"fixedUri":"http://nightingaleproject.github.io/fhirDeathRecord/StructureDefinition/primitive-unsignedInt-extension"},{"id":"Extension:unsignedint.valueUnsignedInt","path":"Extension.valueUnsignedInt","min":1,"type":[{"code":"unsignedInt"}]}]}}