{"resourceType":"StructureDefinition","id":"sdr-deathRecord-Disposition-extension","text":{"status":"generated","div":"<div xmlns=\"http://www.w3.org/1999/xhtml\">\n  <p><b>SDR Disposition Extension</b></p>\n  <p>Disposition of the decedent's body</p>\n</div>"},"url":"http://nightingaleproject.github.io/fhirDeathRecord/StructureDefinition/sdr-deathRecord-Disposition-extension","identifier":[{"system":"http://github.com/nightingaleproject/fhirDeathRecord","value":"sdr.deathRecord.Disposition"}],"version":"0.0.1","name":"SDR Disposition Extension","title":"SDR Disposition Extension","status":"draft","date":"2018-03-21","publisher":"The MITRE Corporation: Nightingale Project","contact":[{"telecom":[{"system":"url","value":"http://github.com/nightingaleproject/fhirDeathRecord"}]}],"description":"Disposition of the decedent's body","fhirVersion":"3.0.1","kind":"complex-type","abstract":false,"contextType":"resource","context":["*"],"type":"Extension","baseDefinition":"http://hl7.org/fhir/StructureDefinition/Extension","derivation":"constraint","snapshot":{"element":[{"id":"Extension:disposition","path":"Extension","short":"SDR Disposition Extension","definition":"Disposition of the decedent's body","min":0,"max":"*","base":{"path":"Extension","min":0,"max":"1"},"condition":["ele-1"],"constraint":[{"key":"ele-1","severity":"error","human":"All FHIR elements must have a @value or children","expression":"children().count() > id.count()","xpath":"@value|f:*|h:div","source":"Element"},{"key":"ext-1","severity":"error","human":"Must have either extensions or value[x], not both","expression":"extension.exists() != value.exists()","xpath":"exists(f:extension)!=exists(f:*[starts-with(local-name(.), 'value')])","source":"Extension"}]},{"id":"Extension:disposition.id","path":"Extension.id","representation":["xmlAttr"],"short":"xml:id (or equivalent in JSON)","definition":"unique id for the element within a resource (for internal references). This may be any string value that does not contain spaces.","min":0,"max":"1","base":{"path":"Element.id","min":0,"max":"1"},"type":[{"code":"string"}],"mapping":[{"identity":"rim","map":"N/A"}]},{"id":"Extension:disposition.extension","path":"Extension.extension","slicing":{"id":"1","discriminator":[{"type":"value","path":"url"}],"ordered":false,"rules":"open"},"short":"Extension","definition":"An Extension","min":0,"max":"*","base":{"path":"Element.extension","min":0,"max":"*"},"type":[{"code":"Extension"}]},{"id":"Extension:disposition.extension:dispositiontype","path":"Extension.extension","sliceName":"dispositiontype","definition":"DispositionType","min":1,"max":"1","base":{"path":"Extension.extension","min":0,"max":"1"},"type":[{"code":"Extension","profile":"http://nightingaleproject.github.io/fhirDeathRecord/StructureDefinition/sdr-deathRecord-DispositionType-extension"}],"isModifier":false,"mapping":[{"identity":"rim","map":"N/A"}]},{"id":"Extension:disposition.extension:dispositionfacility","path":"Extension.extension","sliceName":"dispositionfacility","definition":"DispositionFacility","min":0,"max":"1","base":{"path":"Extension.extension","min":0,"max":"1"},"type":[{"code":"Extension","profile":"http://nightingaleproject.github.io/fhirDeathRecord/StructureDefinition/sdr-deathRecord-DispositionFacility-extension"}],"isModifier":false,"mapping":[{"identity":"rim","map":"N/A"}]},{"id":"Extension:disposition.extension:funeralfacility","path":"Extension.extension","sliceName":"funeralfacility","definition":"FuneralFacility","min":0,"max":"1","base":{"path":"Extension.extension","min":0,"max":"1"},"type":[{"code":"Extension","profile":"http://nightingaleproject.github.io/fhirDeathRecord/StructureDefinition/sdr-deathRecord-FuneralFacility-extension"}],"isModifier":false,"mapping":[{"identity":"rim","map":"N/A"}]},{"id":"Extension:disposition.url","path":"Extension.url","representation":["xmlAttr"],"short":"identifies the meaning of the extension","definition":"Source of the definition for the extension code - a logical name or a URL.","comment":"The definition may point directly to a computable or human-readable definition of the extensibility codes, or it may be a logical URI as declared in some other specification. The definition SHALL be a URI for the Structure Definition defining the extension.","min":1,"max":"1","base":{"path":"Extension.url","min":1,"max":"1"},"type":[{"code":"uri"}],"fixedUri":"http://nightingaleproject.github.io/fhirDeathRecord/StructureDefinition/sdr-deathRecord-Disposition-extension","mapping":[{"identity":"rim","map":"N/A"}]},{"id":"Extension:disposition.value[x]","path":"Extension.value[x]","short":"Value of extension","definition":"Value of extension - may be a resource or one of a constrained set of the data types (see Extensibility in the spec for list).","min":0,"max":"0","base":{"path":"Extension.value[x]","min":0,"max":"1"},"type":[{"code":"base64Binary"},{"code":"boolean"},{"code":"code"},{"code":"date"},{"code":"dateTime"},{"code":"decimal"},{"code":"id"},{"code":"instant"},{"code":"integer"},{"code":"markdown"},{"code":"oid"},{"code":"positiveInt"},{"code":"string"},{"code":"time"},{"code":"unsignedInt"},{"code":"uri"},{"code":"Address"},{"code":"Age"},{"code":"Annotation"},{"code":"Attachment"},{"code":"CodeableConcept"},{"code":"Coding"},{"code":"ContactPoint"},{"code":"Count"},{"code":"Distance"},{"code":"Duration"},{"code":"HumanName"},{"code":"Identifier"},{"code":"Money"},{"code":"Period"},{"code":"Quantity"},{"code":"Range"},{"code":"Ratio"},{"code":"Reference"},{"code":"SampledData"},{"code":"Signature"},{"code":"Timing"},{"code":"Meta"}],"mapping":[{"identity":"rim","map":"N/A"}]}]},"differential":{"element":[{"id":"Extension:disposition","path":"Extension","short":"SDR Disposition Extension","definition":"Disposition of the decedent's body","min":0,"max":"*"},{"id":"Extension:disposition.extension:dispositiontype","path":"Extension.extension","sliceName":"dispositiontype","definition":"DispositionType","min":1,"max":"1","type":[{"code":"Extension","profile":"http://nightingaleproject.github.io/fhirDeathRecord/StructureDefinition/sdr-deathRecord-DispositionType-extension"}]},{"id":"Extension:disposition.extension:dispositionfacility","path":"Extension.extension","sliceName":"dispositionfacility","definition":"DispositionFacility","min":0,"max":"1","type":[{"code":"Extension","profile":"http://nightingaleproject.github.io/fhirDeathRecord/StructureDefinition/sdr-deathRecord-DispositionFacility-extension"}]},{"id":"Extension:disposition.extension:funeralfacility","path":"Extension.extension","sliceName":"funeralfacility","definition":"FuneralFacility","min":0,"max":"1","type":[{"code":"Extension","profile":"http://nightingaleproject.github.io/fhirDeathRecord/StructureDefinition/sdr-deathRecord-FuneralFacility-extension"}]},{"id":"Extension:disposition.url","path":"Extension.url","type":[{"code":"uri"}],"fixedUri":"http://nightingaleproject.github.io/fhirDeathRecord/StructureDefinition/sdr-deathRecord-Disposition-extension"},{"id":"Extension:disposition.value[x]","path":"Extension.value[x]","min":0,"max":"0"}]}}