{
  "resourceType": "ImplementationGuide",
  "id": "1",
  "text": {
    "status": "generated",
    "div": "<div xmlns=\"http://www.w3.org/1999/xhtml\"><h2>Standard Death Record FHIR Profiles</h2><p>The official URL for this implementation guide is: </p><pre>http://nightingaleproject.github.io/fhirDeathRecord/ImplementationGuide/1</pre></div>"
  },
  "url": "http://nightingaleproject.github.io/fhirDeathRecord/ImplementationGuide/1",
  "name": "Standard Death Record FHIR Profiles",
  "status": "draft",
  "fhirVersion": "3.0.1",
  "package": [
    {
      "id": "p1",
      "name": "Profiles in this Implementation Guide",
      "resource": [
        {
          "extension": [
            {
              "url": "http://hl7.org/fhir/StructureDefinition/implementationguide-page",
              "valueUri": "StructureDefinition-sdr-causeOfDeath-ActualOrPresumedDateOfDeath.html"
            }
          ],
          "example": false,
          "sourceReference": {
            "reference": "StructureDefinition/sdr-causeOfDeath-ActualOrPresumedDateOfDeath",
            "display": "SDR ActualOrPresumedDateOfDeath Profile"
          }
        },
        {
          "extension": [
            {
              "url": "http://hl7.org/fhir/StructureDefinition/implementationguide-page",
              "valueUri": "StructureDefinition-sdr-causeOfDeath-AutopsyPerformed.html"
            }
          ],
          "example": false,
          "sourceReference": {
            "reference": "StructureDefinition/sdr-causeOfDeath-AutopsyPerformed",
            "display": "SDR AutopsyPerformed Profile"
          }
        },
        {
          "extension": [
            {
              "url": "http://hl7.org/fhir/StructureDefinition/implementationguide-page",
              "valueUri": "StructureDefinition-sdr-causeOfDeath-AutopsyResultsAvailable.html"
            }
          ],
          "example": false,
          "sourceReference": {
            "reference": "StructureDefinition/sdr-causeOfDeath-AutopsyResultsAvailable",
            "display": "SDR AutopsyResultsAvailable Profile"
          }
        },
        {
          "extension": [
            {
              "url": "http://hl7.org/fhir/StructureDefinition/implementationguide-page",
              "valueUri": "StructureDefinition-sdr-causeOfDeath-CauseOfDeathCondition.html"
            }
          ],
          "example": false,
          "sourceReference": {
            "reference": "StructureDefinition/sdr-causeOfDeath-CauseOfDeathCondition",
            "display": "SDR CauseOfDeathCondition Profile"
          }
        },
        {
          "extension": [
            {
              "url": "http://hl7.org/fhir/StructureDefinition/implementationguide-page",
              "valueUri": "StructureDefinition-sdr-deathRecord-Certifier.html"
            }
          ],
          "example": false,
          "sourceReference": {
            "reference": "StructureDefinition/sdr-deathRecord-Certifier",
            "display": "SDR Certifier Profile"
          }
        },
        {
          "extension": [
            {
              "url": "http://hl7.org/fhir/StructureDefinition/implementationguide-page",
              "valueUri": "StructureDefinition-shr-base-Condition.html"
            }
          ],
          "example": false,
          "sourceReference": {
            "reference": "StructureDefinition/shr-base-Condition",
            "display": "SDR Condition Profile"
          }
        },
        {
          "extension": [
            {
              "url": "http://hl7.org/fhir/StructureDefinition/implementationguide-page",
              "valueUri": "StructureDefinition-sdr-causeOfDeath-ContributedToDeathCondition.html"
            }
          ],
          "example": false,
          "sourceReference": {
            "reference": "StructureDefinition/sdr-causeOfDeath-ContributedToDeathCondition",
            "display": "SDR ContributedToDeathCondition Profile"
          }
        },
        {
          "extension": [
            {
              "url": "http://hl7.org/fhir/StructureDefinition/implementationguide-page",
              "valueUri": "StructureDefinition-sdr-causeOfDeath-DatePronouncedDead.html"
            }
          ],
          "example": false,
          "sourceReference": {
            "reference": "StructureDefinition/sdr-causeOfDeath-DatePronouncedDead",
            "display": "SDR DatePronouncedDead Profile"
          }
        },
        {
          "extension": [
            {
              "url": "http://hl7.org/fhir/StructureDefinition/implementationguide-page",
              "valueUri": "StructureDefinition-sdr-causeOfDeath-DeathFromTransportInjury.html"
            }
          ],
          "example": false,
          "sourceReference": {
            "reference": "StructureDefinition/sdr-causeOfDeath-DeathFromTransportInjury",
            "display": "SDR DeathFromTransportInjury Profile"
          }
        },
        {
          "extension": [
            {
              "url": "http://hl7.org/fhir/StructureDefinition/implementationguide-page",
              "valueUri": "StructureDefinition-sdr-causeOfDeath-DeathFromWorkInjury.html"
            }
          ],
          "example": false,
          "sourceReference": {
            "reference": "StructureDefinition/sdr-causeOfDeath-DeathFromWorkInjury",
            "display": "SDR DeathFromWorkInjury Profile"
          }
        },
        {
          "extension": [
            {
              "url": "http://hl7.org/fhir/StructureDefinition/implementationguide-page",
              "valueUri": "StructureDefinition-sdr-deathRecord-DeathRecordContents.html"
            }
          ],
          "example": false,
          "sourceReference": {
            "reference": "StructureDefinition/sdr-deathRecord-DeathRecordContents",
            "display": "SDR DeathRecordContents Profile"
          }
        },
        {
          "extension": [
            {
              "url": "http://hl7.org/fhir/StructureDefinition/implementationguide-page",
              "valueUri": "StructureDefinition-sdr-deathRecord-DeathRecord.html"
            }
          ],
          "example": false,
          "sourceReference": {
            "reference": "StructureDefinition/sdr-deathRecord-DeathRecord",
            "display": "SDR DeathRecord Profile"
          }
        },
        {
          "extension": [
            {
              "url": "http://hl7.org/fhir/StructureDefinition/implementationguide-page",
              "valueUri": "StructureDefinition-sdr-decedent-Decedent.html"
            }
          ],
          "example": false,
          "sourceReference": {
            "reference": "StructureDefinition/sdr-decedent-Decedent",
            "display": "SDR Decedent Profile"
          }
        },
        {
          "extension": [
            {
              "url": "http://hl7.org/fhir/StructureDefinition/implementationguide-page",
              "valueUri": "StructureDefinition-sdr-causeOfDeath-DetailsOfInjury.html"
            }
          ],
          "example": false,
          "sourceReference": {
            "reference": "StructureDefinition/sdr-causeOfDeath-DetailsOfInjury",
            "display": "SDR DetailsOfInjury Profile"
          }
        },
        {
          "extension": [
            {
              "url": "http://hl7.org/fhir/StructureDefinition/implementationguide-page",
              "valueUri": "StructureDefinition-shr-base-Entry.html"
            }
          ],
          "example": false,
          "sourceReference": {
            "reference": "StructureDefinition/shr-base-Entry",
            "display": "SDR Entry Profile"
          }
        },
        {
          "extension": [
            {
              "url": "http://hl7.org/fhir/StructureDefinition/implementationguide-page",
              "valueUri": "StructureDefinition-sdr-deathRecord-FuneralDirector.html"
            }
          ],
          "example": false,
          "sourceReference": {
            "reference": "StructureDefinition/sdr-deathRecord-FuneralDirector",
            "display": "SDR FuneralDirector Profile"
          }
        },
        {
          "extension": [
            {
              "url": "http://hl7.org/fhir/StructureDefinition/implementationguide-page",
              "valueUri": "StructureDefinition-sdr-causeOfDeath-MannerOfDeath.html"
            }
          ],
          "example": false,
          "sourceReference": {
            "reference": "StructureDefinition/sdr-causeOfDeath-MannerOfDeath",
            "display": "SDR MannerOfDeath Profile"
          }
        },
        {
          "extension": [
            {
              "url": "http://hl7.org/fhir/StructureDefinition/implementationguide-page",
              "valueUri": "StructureDefinition-sdr-causeOfDeath-MedicalExaminerContacted.html"
            }
          ],
          "example": false,
          "sourceReference": {
            "reference": "StructureDefinition/sdr-causeOfDeath-MedicalExaminerContacted",
            "display": "SDR MedicalExaminerContacted Profile"
          }
        },
        {
          "extension": [
            {
              "url": "http://hl7.org/fhir/StructureDefinition/implementationguide-page",
              "valueUri": "StructureDefinition-shr-base-Observation.html"
            }
          ],
          "example": false,
          "sourceReference": {
            "reference": "StructureDefinition/shr-base-Observation",
            "display": "SDR Observation Profile"
          }
        },
        {
          "extension": [
            {
              "url": "http://hl7.org/fhir/StructureDefinition/implementationguide-page",
              "valueUri": "StructureDefinition-shr-core-PostalAddress.html"
            }
          ],
          "example": false,
          "sourceReference": {
            "reference": "StructureDefinition/shr-core-PostalAddress",
            "display": "SDR PostalAddress Profile"
          }
        },
        {
          "extension": [
            {
              "url": "http://hl7.org/fhir/StructureDefinition/implementationguide-page",
              "valueUri": "StructureDefinition-sdr-causeOfDeath-TimingOfRecentPregnancyInRelationToDeath.html"
            }
          ],
          "example": false,
          "sourceReference": {
            "reference": "StructureDefinition/sdr-causeOfDeath-TimingOfRecentPregnancyInRelationToDeath",
            "display": "SDR TimingOfRecentPregnancyInRelationToDeath Profile"
          }
        },
        {
          "extension": [
            {
              "url": "http://hl7.org/fhir/StructureDefinition/implementationguide-page",
              "valueUri": "StructureDefinition-sdr-causeOfDeath-TobaccoUseContributedToDeath.html"
            }
          ],
          "example": false,
          "sourceReference": {
            "reference": "StructureDefinition/sdr-causeOfDeath-TobaccoUseContributedToDeath",
            "display": "SDR TobaccoUseContributedToDeath Profile"
          }
        },
        {
          "extension": [
            {
              "url": "http://hl7.org/fhir/StructureDefinition/implementationguide-page",
              "valueUri": "StructureDefinition-sdr-decedent-Age-extension.html"
            }
          ],
          "example": false,
          "sourceReference": {
            "reference": "StructureDefinition/sdr-decedent-Age-extension",
            "display": "SDR Age Extension"
          }
        },
        {
          "extension": [
            {
              "url": "http://hl7.org/fhir/StructureDefinition/implementationguide-page",
              "valueUri": "StructureDefinition-sdr-decedent-Birthplace-extension.html"
            }
          ],
          "example": false,
          "sourceReference": {
            "reference": "StructureDefinition/sdr-decedent-Birthplace-extension",
            "display": "SDR Birthplace Extension"
          }
        },
        {
          "extension": [
            {
              "url": "http://hl7.org/fhir/StructureDefinition/implementationguide-page",
              "valueUri": "StructureDefinition-sdr-deathRecord-CertifierType-extension.html"
            }
          ],
          "example": false,
          "sourceReference": {
            "reference": "StructureDefinition/sdr-deathRecord-CertifierType-extension",
            "display": "SDR CertifierType Extension"
          }
        },
        {
          "extension": [
            {
              "url": "http://hl7.org/fhir/StructureDefinition/implementationguide-page",
              "valueUri": "StructureDefinition-sdr-decedent-Disposition-extension.html"
            }
          ],
          "example": false,
          "sourceReference": {
            "reference": "StructureDefinition/sdr-decedent-Disposition-extension",
            "display": "SDR Disposition Extension"
          }
        },
        {
          "extension": [
            {
              "url": "http://hl7.org/fhir/StructureDefinition/implementationguide-page",
              "valueUri": "StructureDefinition-sdr-decedent-DispositionFacility-extension.html"
            }
          ],
          "example": false,
          "sourceReference": {
            "reference": "StructureDefinition/sdr-decedent-DispositionFacility-extension",
            "display": "SDR DispositionFacility Extension"
          }
        },
        {
          "extension": [
            {
              "url": "http://hl7.org/fhir/StructureDefinition/implementationguide-page",
              "valueUri": "StructureDefinition-sdr-decedent-DispositionType-extension.html"
            }
          ],
          "example": false,
          "sourceReference": {
            "reference": "StructureDefinition/sdr-decedent-DispositionType-extension",
            "display": "SDR DispositionType Extension"
          }
        },
        {
          "extension": [
            {
              "url": "http://hl7.org/fhir/StructureDefinition/implementationguide-page",
              "valueUri": "StructureDefinition-sdr-decedent-Education-extension.html"
            }
          ],
          "example": false,
          "sourceReference": {
            "reference": "StructureDefinition/sdr-decedent-Education-extension",
            "display": "SDR Education Extension"
          }
        },
        {
          "extension": [
            {
              "url": "http://hl7.org/fhir/StructureDefinition/implementationguide-page",
              "valueUri": "StructureDefinition-sdr-decedent-FacilityName-extension.html"
            }
          ],
          "example": false,
          "sourceReference": {
            "reference": "StructureDefinition/sdr-decedent-FacilityName-extension",
            "display": "SDR FacilityName Extension"
          }
        },
        {
          "extension": [
            {
              "url": "http://hl7.org/fhir/StructureDefinition/implementationguide-page",
              "valueUri": "StructureDefinition-sdr-decedent-FuneralFacility-extension.html"
            }
          ],
          "example": false,
          "sourceReference": {
            "reference": "StructureDefinition/sdr-decedent-FuneralFacility-extension",
            "display": "SDR FuneralFacility Extension"
          }
        },
        {
          "extension": [
            {
              "url": "http://hl7.org/fhir/StructureDefinition/implementationguide-page",
              "valueUri": "StructureDefinition-sdr-decedent-Industry-extension.html"
            }
          ],
          "example": false,
          "sourceReference": {
            "reference": "StructureDefinition/sdr-decedent-Industry-extension",
            "display": "SDR Industry Extension"
          }
        },
        {
          "extension": [
            {
              "url": "http://hl7.org/fhir/StructureDefinition/implementationguide-page",
              "valueUri": "StructureDefinition-shr-core-InsideCityLimits-extension.html"
            }
          ],
          "example": false,
          "sourceReference": {
            "reference": "StructureDefinition/shr-core-InsideCityLimits-extension",
            "display": "SDR InsideCityLimits Extension"
          }
        },
        {
          "extension": [
            {
              "url": "http://hl7.org/fhir/StructureDefinition/implementationguide-page",
              "valueUri": "StructureDefinition-sdr-decedent-Job-extension.html"
            }
          ],
          "example": false,
          "sourceReference": {
            "reference": "StructureDefinition/sdr-decedent-Job-extension",
            "display": "SDR Job Extension"
          }
        },
        {
          "extension": [
            {
              "url": "http://hl7.org/fhir/StructureDefinition/implementationguide-page",
              "valueUri": "StructureDefinition-sdr-decedent-MaritalStatusAtDeath-extension.html"
            }
          ],
          "example": false,
          "sourceReference": {
            "reference": "StructureDefinition/sdr-decedent-MaritalStatusAtDeath-extension",
            "display": "SDR MaritalStatusAtDeath Extension"
          }
        },
        {
          "extension": [
            {
              "url": "http://hl7.org/fhir/StructureDefinition/implementationguide-page",
              "valueUri": "StructureDefinition-sdr-decedent-Occupation-extension.html"
            }
          ],
          "example": false,
          "sourceReference": {
            "reference": "StructureDefinition/sdr-decedent-Occupation-extension",
            "display": "SDR Occupation Extension"
          }
        },
        {
          "extension": [
            {
              "url": "http://hl7.org/fhir/StructureDefinition/implementationguide-page",
              "valueUri": "StructureDefinition-sdr-decedent-PlaceOfDeath-extension.html"
            }
          ],
          "example": false,
          "sourceReference": {
            "reference": "StructureDefinition/sdr-decedent-PlaceOfDeath-extension",
            "display": "SDR PlaceOfDeath Extension"
          }
        },
        {
          "extension": [
            {
              "url": "http://hl7.org/fhir/StructureDefinition/implementationguide-page",
              "valueUri": "StructureDefinition-sdr-decedent-PlaceOfDeathType-extension.html"
            }
          ],
          "example": false,
          "sourceReference": {
            "reference": "StructureDefinition/sdr-decedent-PlaceOfDeathType-extension",
            "display": "SDR PlaceOfDeathType Extension"
          }
        },
        {
          "extension": [
            {
              "url": "http://hl7.org/fhir/StructureDefinition/implementationguide-page",
              "valueUri": "StructureDefinition-sdr-causeOfDeath-PlaceOfInjury-extension.html"
            }
          ],
          "example": false,
          "sourceReference": {
            "reference": "StructureDefinition/sdr-causeOfDeath-PlaceOfInjury-extension",
            "display": "SDR PlaceOfInjury Extension"
          }
        },
        {
          "extension": [
            {
              "url": "http://hl7.org/fhir/StructureDefinition/implementationguide-page",
              "valueUri": "StructureDefinition-shr-core-PostalAddress-extension.html"
            }
          ],
          "example": false,
          "sourceReference": {
            "reference": "StructureDefinition/shr-core-PostalAddress-extension",
            "display": "SDR PostalAddress Extension"
          }
        },
        {
          "extension": [
            {
              "url": "http://hl7.org/fhir/StructureDefinition/implementationguide-page",
              "valueUri": "StructureDefinition-sdr-decedent-ServedInArmedForces-extension.html"
            }
          ],
          "example": false,
          "sourceReference": {
            "reference": "StructureDefinition/sdr-decedent-ServedInArmedForces-extension",
            "display": "SDR ServedInArmedForces Extension"
          }
        },
        {
          "extension": [
            {
              "url": "http://hl7.org/fhir/StructureDefinition/implementationguide-page",
              "valueUri": "ValueSet-sdr-deathRecord-CertifierTypeVS.html"
            }
          ],
          "example": false,
          "sourceReference": {
            "reference": "ValueSet/sdr-deathRecord-CertifierTypeVS",
            "display": "SDR CertifierTypeVS ValueSet"
          }
        },
        {
          "extension": [
            {
              "url": "http://hl7.org/fhir/StructureDefinition/implementationguide-page",
              "valueUri": "ValueSet-sdr-causeOfDeath-ContributoryTobaccoUseVS.html"
            }
          ],
          "example": false,
          "sourceReference": {
            "reference": "ValueSet/sdr-causeOfDeath-ContributoryTobaccoUseVS",
            "display": "SDR ContributoryTobaccoUseVS ValueSet"
          }
        },
        {
          "extension": [
            {
              "url": "http://hl7.org/fhir/StructureDefinition/implementationguide-page",
              "valueUri": "ValueSet-sdr-decedent-DispositionTypeVS.html"
            }
          ],
          "example": false,
          "sourceReference": {
            "reference": "ValueSet/sdr-decedent-DispositionTypeVS",
            "display": "SDR DispositionTypeVS ValueSet"
          }
        },
        {
          "extension": [
            {
              "url": "http://hl7.org/fhir/StructureDefinition/implementationguide-page",
              "valueUri": "ValueSet-sdr-decedent-EducationVS.html"
            }
          ],
          "example": false,
          "sourceReference": {
            "reference": "ValueSet/sdr-decedent-EducationVS",
            "display": "SDR EducationVS ValueSet"
          }
        },
        {
          "extension": [
            {
              "url": "http://hl7.org/fhir/StructureDefinition/implementationguide-page",
              "valueUri": "ValueSet-sdr-causeOfDeath-MannerOfDeathVS.html"
            }
          ],
          "example": false,
          "sourceReference": {
            "reference": "ValueSet/sdr-causeOfDeath-MannerOfDeathVS",
            "display": "SDR MannerOfDeathVS ValueSet"
          }
        },
        {
          "extension": [
            {
              "url": "http://hl7.org/fhir/StructureDefinition/implementationguide-page",
              "valueUri": "ValueSet-sdr-decedent-PlaceOfDeathTypeVS.html"
            }
          ],
          "example": false,
          "sourceReference": {
            "reference": "ValueSet/sdr-decedent-PlaceOfDeathTypeVS",
            "display": "SDR PlaceOfDeathTypeVS ValueSet"
          }
        },
        {
          "extension": [
            {
              "url": "http://hl7.org/fhir/StructureDefinition/implementationguide-page",
              "valueUri": "ValueSet-sdr-causeOfDeath-PregnancyStatusVS.html"
            }
          ],
          "example": false,
          "sourceReference": {
            "reference": "ValueSet/sdr-causeOfDeath-PregnancyStatusVS",
            "display": "SDR PregnancyStatusVS ValueSet"
          }
        },
        {
          "extension": [
            {
              "url": "http://hl7.org/fhir/StructureDefinition/implementationguide-page",
              "valueUri": "ValueSet-sdr-causeOfDeath-TransportRelationshipsVS.html"
            }
          ],
          "example": false,
          "sourceReference": {
            "reference": "ValueSet/sdr-causeOfDeath-TransportRelationshipsVS",
            "display": "SDR TransportRelationshipsVS ValueSet"
          }
        },
        {
          "extension": [
            {
              "url": "http://hl7.org/fhir/StructureDefinition/implementationguide-page",
              "valueUri": "CodeSystem-sdr-decedent-EducationCS.html"
            }
          ],
          "example": false,
          "sourceReference": {
            "reference": "CodeSystem/sdr-decedent-EducationCS",
            "display": "SDR EducationCS CodeSystem"
          }
        },
        {
          "extension": [
            {
              "url": "http://hl7.org/fhir/StructureDefinition/implementationguide-page",
              "valueUri": "CodeSystem-sdr-causeOfDeath-PregnancyStatusCS.html"
            }
          ],
          "example": false,
          "sourceReference": {
            "reference": "CodeSystem/sdr-causeOfDeath-PregnancyStatusCS",
            "display": "SDR PregnancyStatusCS CodeSystem"
          }
        }
      ]
    }
  ],
  "page": {
    "source": "index.html",
    "title": "Standard Death Record",
    "kind": "page"
  }
}