<?xml version="1.0" encoding="UTF-8"?>

<Observation xmlns="http://hl7.org/fhir">
  <id value="DeathFromWorkInjury"/>
  <meta>
    <profile value="http://nightingaleproject.github.io/fhirDeathRecord/StructureDefinition/sdr-causeOfDeath-DeathFromWorkInjury"/>
  </meta>
  <text>
    <status value="generated"/><div xmlns="http://www.w3.org/1999/xhtml"><p><b>Generated Narrative with Details</b></p><p><b>id</b>: DeathFromWorkInjury</p><p><b>meta</b>: </p><p><b>status</b>: final</p><p><b>code</b>: Did death result from injury at work <span style="background: LightGoldenRodYellow">(Details : {LOINC code '69444-8' = '69444-8', given as 'Did death result from injury at work'})</span></p><p><b>subject</b>: <a href="Patient-Decedent.html">Generated Summary: id: Decedent; Medical record number = 01010101 (SECONDARY), Social Beneficiary Identifier = 123-45-6789 (OFFICIAL); John L. Palmer(OFFICIAL); gender: male; birthDate: Apr 23, 1911; deceased</a></p><p><b>value</b>: false</p></div>
  </text>
  <status value="final"/>
  <code>
    <coding>
      <system value="http://loinc.org"/>
      <code value="69444-8"/>
      <display value="Did death result from injury at work"/>
    </coding>
  </code>
  <subject>
    <reference value="Patient/Decedent"/>
  </subject>
  <valueBoolean value="false"/>
</Observation>