{
  "resourceType": "Observation",
  "id": "DeathFromWorkInjury",
  "meta": {
    "profile": [
      "http://nightingaleproject.github.io/fhirDeathRecord/StructureDefinition/sdr-causeOfDeath-DeathFromWorkInjury"
    ]
  },
  "text": {
    "status": "generated",
    "div": "<div xmlns=\"http://www.w3.org/1999/xhtml\"><p><b>Generated Narrative with Details</b></p><p><b>id</b>: DeathFromWorkInjury</p><p><b>meta</b>: </p><p><b>status</b>: final</p><p><b>code</b>: Did death result from injury at work <span style=\"background: LightGoldenRodYellow\">(Details : {LOINC code '69444-8' = 'Did death result from injury at work', given as 'Did death result from injury at work'})</span></p><p><b>subject</b>: <a href=\"Patient/Decedent\">Patient/Decedent</a></p><p><b>value</b>: false</p></div>"
  },
  "status": "final",
  "code": {
    "coding": [
      {
        "system": "http://loinc.org",
        "code": "69444-8",
        "display": "Did death result from injury at work"
      }
    ]
  },
  "subject": {
    "reference": "Patient/Decedent"
  },
  "valueBoolean": false
}