<?xml version="1.0" encoding="UTF-8"?>

<StructureDefinition xmlns="http://hl7.org/fhir">
  <id value="sdr-deathRecord-DeathRecord"/>
  <text>
    <status value="generated"/><div xmlns="http://www.w3.org/1999/xhtml">
  <p><b>SDR DeathRecord Profile</b></p>
  <p>A document that details information about the death of an individual. The contents correspond to items included in the [U.S. Standard Certificate of Death](https://www.cdc.gov/nchs/data/dvs/DEATH11-03final-ACC.pdf).</p>
  <p><b>SDR Mapping Summary</b></p>
  <p><pre>sdr.deathRecord.DeathRecord maps to Bundle:
  fix type to http://hl7.org/fhir/bundle-type#document
  DeathRecordContents maps to entry (slice at = entry; slice on = resource; slice on type = profile)
</pre></p>
</div>
  </text>
  <url value="http://nightingaleproject.github.io/fhirDeathRecord/StructureDefinition/sdr-deathRecord-DeathRecord"/>
  <identifier>
    <system value="http://github.com/nightingaleproject/fhirDeathRecord"/>
    <value value="sdr.deathRecord.DeathRecord"/>
  </identifier>
  <version value="0.1.0"/>
  <name value="DeathRecordProfile"/>
  <title value="SDR DeathRecord Profile"/>
  <status value="draft"/>
  <date value="2018-04-12T00:00:00-04:00"/>
  <publisher value="The MITRE Corporation: Nightingale Project"/>
  <contact>
    <telecom>
      <system value="url"/>
      <value value="http://github.com/nightingaleproject/fhirDeathRecord"/>
    </telecom>
  </contact>
  <description value="A document that details information about the death of an individual. The contents correspond to items included in the [U.S. Standard Certificate of Death](https://www.cdc.gov/nchs/data/dvs/DEATH11-03final-ACC.pdf)."/>
  <fhirVersion value="3.0.1"/>
  <mapping>
    <identity value="v2"/>
    <uri value="http://hl7.org/v2"/>
    <name value="HL7 v2 Mapping"/>
  </mapping>
  <mapping>
    <identity value="rim"/>
    <uri value="http://hl7.org/v3"/>
    <name value="RIM Mapping"/>
  </mapping>
  <mapping>
    <identity value="w5"/>
    <uri value="http://hl7.org/fhir/w5"/>
    <name value="W5 Mapping"/>
  </mapping>
  <kind value="resource"/>
  <abstract value="false"/>
  <type value="Bundle"/>
  <baseDefinition value="http://hl7.org/fhir/StructureDefinition/Bundle"/>
  <derivation value="constraint"/>
  <snapshot>
    <element id="Bundle:sdr-deathRecord-DeathRecord">
      <path value="Bundle"/>
      <short value="SDR DeathRecord Profile"/>
      <definition value="A document that details information about the death of an individual. The contents correspond to items included in the [U.S. Standard Certificate of Death](https://www.cdc.gov/nchs/data/dvs/DEATH11-03final-ACC.pdf)."/>
      <min value="0"/>
      <max value="*"/>
      <constraint>
        <key value="bdl-7"/>
        <severity value="error"/>
        <human value="FullUrl must be unique in a bundle, or else entries with the same fullUrl must have different meta.versionId"/>
        <expression value="entry.where(fullUrl).select(fullUrl&amp;resource.meta.versionId).isDistinct()"/>
        <xpath value="count(for $entry in f:entry[f:resource] return $entry[count(parent::f:Bundle/f:entry[f:fullUrl/@value=$entry/f:fullUrl/@value and ((not(f:resource/*/f:meta/f:versionId/@value) and not($entry/f:resource/*/f:meta/f:versionId/@value)) or f:resource/*/f:meta/f:versionId/@value=$entry/f:resource/*/f:meta/f:versionId/@value)])!=1])=0"/>
      </constraint>
      <constraint>
        <key value="bdl-9"/>
        <severity value="error"/>
        <human value="A document must have an identifier with a system and a value"/>
        <expression value="type = &#39;document&#39; implies (identifier.system.exists() and identifier.value.exists())"/>
        <xpath value="not(f:type/@value = &#39;document&#39;) or exists(f:identifier/f:system) or exists(f:identifier/f:value)"/>
      </constraint>
      <constraint>
        <key value="bdl-3"/>
        <severity value="error"/>
        <human value="entry.request only for some types of bundles"/>
        <expression value="entry.request.empty() or type = &#39;batch&#39; or type = &#39;transaction&#39; or type = &#39;history&#39;"/>
        <xpath value="not(f:entry/f:request) or (f:type/@value = &#39;batch&#39;) or (f:type/@value = &#39;transaction&#39;) or (f:type/@value = &#39;history&#39;)"/>
      </constraint>
      <constraint>
        <key value="bdl-4"/>
        <severity value="error"/>
        <human value="entry.response only for some types of bundles"/>
        <expression value="entry.response.empty() or type = &#39;batch-response&#39; or type = &#39;transaction-response&#39;"/>
        <xpath value="not(f:entry/f:response) or (f:type/@value = &#39;batch-response&#39;) or (f:type/@value = &#39;transaction-response&#39;)"/>
      </constraint>
      <constraint>
        <key value="bdl-1"/>
        <severity value="error"/>
        <human value="total only when a search or history"/>
        <expression value="total.empty() or (type = &#39;searchset&#39;) or (type = &#39;history&#39;)"/>
        <xpath value="not(f:total) or (f:type/@value = &#39;searchset&#39;) or (f:type/@value = &#39;history&#39;)"/>
      </constraint>
      <constraint>
        <key value="bdl-2"/>
        <severity value="error"/>
        <human value="entry.search only when a search"/>
        <expression value="entry.search.empty() or (type = &#39;searchset&#39;)"/>
        <xpath value="not(f:entry/f:search) or (f:type/@value = &#39;searchset&#39;)"/>
      </constraint>
      <mapping>
        <identity value="rim"/>
        <map value="Entity. Role, or Act"/>
      </mapping>
      <mapping>
        <identity value="v2"/>
        <map value="N/A"/>
      </mapping>
      <mapping>
        <identity value="rim"/>
        <map value="N/A"/>
      </mapping>
      <mapping>
        <identity value="w5"/>
        <map value="infrastructure.structure"/>
      </mapping>
    </element>
    <element id="Bundle:sdr-deathRecord-DeathRecord.id">
      <path value="Bundle.id"/>
      <short value="Logical id of this artifact"/>
      <definition value="The logical id of the resource, as used in the URL for the resource. Once assigned, this value never changes."/>
      <comment value="The only time that a resource does not have an id is when it is being submitted to the server using a create operation."/>
      <min value="0"/>
      <max value="1"/>
      <base>
        <path value="Resource.id"/>
        <min value="0"/>
        <max value="1"/>
      </base>
      <type>
        <code value="id"/>
      </type>
      <isSummary value="true"/>
    </element>
    <element id="Bundle:sdr-deathRecord-DeathRecord.meta">
      <path value="Bundle.meta"/>
      <short value="Metadata about the resource"/>
      <definition value="The metadata about the resource. This is content that is maintained by the infrastructure. Changes to the content may not always be associated with version changes to the resource."/>
      <min value="0"/>
      <max value="1"/>
      <base>
        <path value="Resource.meta"/>
        <min value="0"/>
        <max value="1"/>
      </base>
      <type>
        <code value="Meta"/>
      </type>
      <isSummary value="true"/>
    </element>
    <element id="Bundle:sdr-deathRecord-DeathRecord.implicitRules">
      <path value="Bundle.implicitRules"/>
      <short value="A set of rules under which this content was created"/>
      <definition value="A reference to a set of rules that were followed when the resource was constructed, and which must be understood when processing the content."/>
      <comment value="Asserting this rule set restricts the content to be only understood by a limited set of trading partners. This inherently limits the usefulness of the data in the long term. However, the existing health eco-system is highly fractured, and not yet ready to define, collect, and exchange data in a generally computable sense. Wherever possible, implementers and/or specification writers should avoid using this element. &#xA;&#xA;This element is labelled as a modifier because the implicit rules may provide additional knowledge about the resource that modifies it&#39;s meaning or interpretation."/>
      <min value="0"/>
      <max value="1"/>
      <base>
        <path value="Resource.implicitRules"/>
        <min value="0"/>
        <max value="1"/>
      </base>
      <type>
        <code value="uri"/>
      </type>
      <isModifier value="true"/>
      <isSummary value="true"/>
    </element>
    <element id="Bundle:sdr-deathRecord-DeathRecord.language">
      <path value="Bundle.language"/>
      <short value="Language of the resource content"/>
      <definition value="The base language in which the resource is written."/>
      <comment value="Language is provided to support indexing and accessibility (typically, services such as text to speech use the language tag). The html language tag in the narrative applies  to the narrative. The language tag on the resource may be used to specify the language of other presentations generated from the data in the resource  Not all the content has to be in the base language. The Resource.language should not be assumed to apply to the narrative automatically. If a language is specified, it should it also be specified on the div element in the html (see rules in HTML5 for information about the relationship between xml:lang and the html lang attribute)."/>
      <min value="0"/>
      <max value="1"/>
      <base>
        <path value="Resource.language"/>
        <min value="0"/>
        <max value="1"/>
      </base>
      <type>
        <code value="code"/>
      </type>
      <binding>
        <extension url="http://hl7.org/fhir/StructureDefinition/elementdefinition-maxValueSet">
          <valueReference>
            <reference value="http://hl7.org/fhir/ValueSet/all-languages"/>
          </valueReference>
        </extension>
        <extension url="http://hl7.org/fhir/StructureDefinition/elementdefinition-bindingName">
          <valueString value="Language"/>
        </extension>
        <extension url="http://hl7.org/fhir/StructureDefinition/elementdefinition-isCommonBinding">
          <valueBoolean value="true"/>
        </extension>
        <strength value="extensible"/>
        <description value="A human language."/>
        <valueSetReference>
          <reference value="http://hl7.org/fhir/ValueSet/languages"/>
        </valueSetReference>
      </binding>
    </element>
    <element id="Bundle:sdr-deathRecord-DeathRecord.identifier">
      <path value="Bundle.identifier"/>
      <short value="Persistent identifier for the bundle"/>
      <definition value="A persistent identifier for the batch that won&#39;t change as a batch is copied from server to server."/>
      <comment value="Persistent identity generally only matters for batches of type Document, Message, and Collection. It would not normally be populated for search and history results, and servers ignore Bundle.identifier when processing batches and transactions. For Documents  the .identifier SHALL be populated such that the .identifier is globally unique."/>
      <min value="0"/>
      <max value="1"/>
      <type>
        <code value="Identifier"/>
      </type>
      <isSummary value="true"/>
      <mapping>
        <identity value="w5"/>
        <map value="id"/>
      </mapping>
    </element>
    <element id="Bundle:sdr-deathRecord-DeathRecord.type">
      <path value="Bundle.type"/>
      <short value="document | message | transaction | transaction-response | batch | batch-response | history | searchset | collection"/>
      <definition value="Indicates the purpose of this bundle - how it was intended to be used."/>
      <comment value="It&#39;s possible to use a bundle for other purposes (e.g. a document can be accepted as a transaction). This is primarily defined so that there can be specific rules for some of the bundle types."/>
      <min value="1"/>
      <max value="1"/>
      <type>
        <code value="code"/>
      </type>
      <fixedCode value="document"/>
      <isSummary value="true"/>
      <binding>
        <extension url="http://hl7.org/fhir/StructureDefinition/elementdefinition-bindingName">
          <valueString value="BundleType"/>
        </extension>
        <strength value="required"/>
        <description value="Indicates the purpose of a bundle - how it was intended to be used."/>
        <valueSetReference>
          <reference value="http://hl7.org/fhir/ValueSet/bundle-type"/>
        </valueSetReference>
      </binding>
      <mapping>
        <identity value="w5"/>
        <map value="class"/>
      </mapping>
    </element>
    <element id="Bundle:sdr-deathRecord-DeathRecord.total">
      <path value="Bundle.total"/>
      <short value="If search, the total number of matches"/>
      <definition value="If a set of search matches, this is the total number of matches for the search (as opposed to the number of results in this bundle)."/>
      <comment value="Only used if the bundle is a search result set. The total does not include resources such as OperationOutcome and included resources, only the total number of matching resources."/>
      <min value="0"/>
      <max value="1"/>
      <type>
        <code value="unsignedInt"/>
      </type>
      <condition value="bdl-1"/>
      <isSummary value="true"/>
    </element>
    <element id="Bundle:sdr-deathRecord-DeathRecord.link">
      <path value="Bundle.link"/>
      <short value="Links related to this Bundle"/>
      <definition value="A series of links that provide context to this bundle."/>
      <min value="0"/>
      <max value="*"/>
      <type>
        <code value="BackboneElement"/>
      </type>
      <constraint>
        <key value="ele-1"/>
        <severity value="error"/>
        <human value="All FHIR elements must have a @value or children"/>
        <expression value="hasValue() | (children().count() &gt; id.count())"/>
        <xpath value="@value|f:*|h:div"/>
        <source value="Element"/>
      </constraint>
      <isSummary value="true"/>
    </element>
    <element id="Bundle:sdr-deathRecord-DeathRecord.link.id">
      <path value="Bundle.link.id"/>
      <representation value="xmlAttr"/>
      <short value="xml:id (or equivalent in JSON)"/>
      <definition value="unique id for the element within a resource (for internal references). This may be any string value that does not contain spaces."/>
      <min value="0"/>
      <max value="1"/>
      <base>
        <path value="Element.id"/>
        <min value="0"/>
        <max value="1"/>
      </base>
      <type>
        <code value="string"/>
      </type>
      <mapping>
        <identity value="rim"/>
        <map value="n/a"/>
      </mapping>
    </element>
    <element id="Bundle:sdr-deathRecord-DeathRecord.link.extension">
      <path value="Bundle.link.extension"/>
      <short value="Additional Content defined by implementations"/>
      <definition value="May be used to represent additional information that is not part of the basic definition of the element. In order to make the use of extensions safe and manageable, there is a strict set of governance  applied to the definition and use of extensions. Though any implementer is allowed to define an extension, there is a set of requirements that SHALL be met as part of the definition of the extension."/>
      <comment value="There can be no stigma associated with the use of extensions by any application, project, or standard - regardless of the institution or jurisdiction that uses or defines the extensions.  The use of extensions is what allows the FHIR specification to retain a core level of simplicity for everyone."/>
      <alias value="extensions"/>
      <alias value="user content"/>
      <min value="0"/>
      <max value="*"/>
      <base>
        <path value="Element.extension"/>
        <min value="0"/>
        <max value="*"/>
      </base>
      <type>
        <code value="Extension"/>
      </type>
      <mapping>
        <identity value="rim"/>
        <map value="n/a"/>
      </mapping>
    </element>
    <element id="Bundle:sdr-deathRecord-DeathRecord.link.modifierExtension">
      <path value="Bundle.link.modifierExtension"/>
      <short value="Extensions that cannot be ignored"/>
      <definition value="May be used to represent additional information that is not part of the basic definition of the element, and that modifies the understanding of the element that contains it. Usually modifier elements provide negation or qualification. In order to make the use of extensions safe and manageable, there is a strict set of governance applied to the definition and use of extensions. Though any implementer is allowed to define an extension, there is a set of requirements that SHALL be met as part of the definition of the extension. Applications processing a resource are required to check for modifier extensions."/>
      <comment value="There can be no stigma associated with the use of extensions by any application, project, or standard - regardless of the institution or jurisdiction that uses or defines the extensions.  The use of extensions is what allows the FHIR specification to retain a core level of simplicity for everyone."/>
      <alias value="extensions"/>
      <alias value="user content"/>
      <alias value="modifiers"/>
      <min value="0"/>
      <max value="*"/>
      <base>
        <path value="BackboneElement.modifierExtension"/>
        <min value="0"/>
        <max value="*"/>
      </base>
      <type>
        <code value="Extension"/>
      </type>
      <isModifier value="true"/>
      <isSummary value="true"/>
      <mapping>
        <identity value="rim"/>
        <map value="N/A"/>
      </mapping>
    </element>
    <element id="Bundle:sdr-deathRecord-DeathRecord.link.relation">
      <path value="Bundle.link.relation"/>
      <short value="See http://www.iana.org/assignments/link-relations/link-relations.xhtml#link-relations-1"/>
      <definition value="A name which details the functional use for this link - see [http://www.iana.org/assignments/link-relations/link-relations.xhtml#link-relations-1](http://www.iana.org/assignments/link-relations/link-relations.xhtml#link-relations-1)."/>
      <min value="1"/>
      <max value="1"/>
      <type>
        <code value="string"/>
      </type>
      <isSummary value="true"/>
    </element>
    <element id="Bundle:sdr-deathRecord-DeathRecord.link.url">
      <path value="Bundle.link.url"/>
      <short value="Reference details for the link"/>
      <definition value="The reference details for the link."/>
      <min value="1"/>
      <max value="1"/>
      <type>
        <code value="uri"/>
      </type>
      <isSummary value="true"/>
    </element>
    <element id="Bundle:sdr-deathRecord-DeathRecord.entry">
      <path value="Bundle.entry"/>
      <slicing id="1">
        <discriminator>
          <type value="profile"/>
          <path value="resource"/>
        </discriminator>
        <ordered value="false"/>
        <rules value="open"/>
      </slicing>
      <short value="Entry in the bundle - will have a resource, or information"/>
      <definition value="An entry in a bundle resource - will either contain a resource, or information about a resource (transactions and history only)."/>
      <min value="0"/>
      <max value="*"/>
      <type>
        <code value="BackboneElement"/>
      </type>
      <constraint>
        <key value="ele-1"/>
        <severity value="error"/>
        <human value="All FHIR elements must have a @value or children"/>
        <expression value="hasValue() | (children().count() &gt; id.count())"/>
        <xpath value="@value|f:*|h:div"/>
        <source value="Element"/>
      </constraint>
      <constraint>
        <key value="bdl-8"/>
        <severity value="error"/>
        <human value="fullUrl cannot be a version specific reference"/>
        <expression value="fullUrl.contains(&#39;/_history/&#39;).not()"/>
        <xpath value="not(exists(f:fullUrl[contains(string(@value), &#39;/_history/&#39;)]))"/>
      </constraint>
      <constraint>
        <key value="bdl-5"/>
        <severity value="error"/>
        <human value="must be a resource unless there&#39;s a request or response"/>
        <expression value="resource.exists() or request.exists() or response.exists()"/>
        <xpath value="exists(f:resource) or exists(f:request) or exists(f:response)"/>
      </constraint>
      <isSummary value="true"/>
    </element>
    <element id="Bundle:sdr-deathRecord-DeathRecord.entry:sdr-deathRecord-DeathRecordContents">
      <path value="Bundle.entry"/>
      <sliceName value="sdr-deathRecord-DeathRecordContents"/>
      <short value="DeathRecordContents"/>
      <definition value="Defines the contents of a death record document. The content is mapped from the [U.S. Standard Certificate of Death](https://www.cdc.gov/nchs/data/dvs/DEATH11-03final-ACC.pdf)."/>
      <min value="1"/>
      <max value="1"/>
      <type>
        <code value="BackboneElement"/>
      </type>
      <constraint>
        <key value="ele-1"/>
        <severity value="error"/>
        <human value="All FHIR elements must have a @value or children"/>
        <expression value="hasValue() | (children().count() &gt; id.count())"/>
        <xpath value="@value|f:*|h:div"/>
        <source value="Element"/>
      </constraint>
      <constraint>
        <key value="bdl-8"/>
        <severity value="error"/>
        <human value="fullUrl cannot be a version specific reference"/>
        <expression value="fullUrl.contains(&#39;/_history/&#39;).not()"/>
        <xpath value="not(exists(f:fullUrl[contains(string(@value), &#39;/_history/&#39;)]))"/>
      </constraint>
      <constraint>
        <key value="bdl-5"/>
        <severity value="error"/>
        <human value="must be a resource unless there&#39;s a request or response"/>
        <expression value="resource.exists() or request.exists() or response.exists()"/>
        <xpath value="exists(f:resource) or exists(f:request) or exists(f:response)"/>
      </constraint>
      <isSummary value="true"/>
    </element>
    <element id="Bundle:sdr-deathRecord-DeathRecord.entry:sdr-deathRecord-DeathRecordContents.id">
      <path value="Bundle.entry.id"/>
      <representation value="xmlAttr"/>
      <short value="xml:id (or equivalent in JSON)"/>
      <definition value="unique id for the element within a resource (for internal references). This may be any string value that does not contain spaces."/>
      <min value="0"/>
      <max value="1"/>
      <base>
        <path value="Element.id"/>
        <min value="0"/>
        <max value="1"/>
      </base>
      <type>
        <code value="string"/>
      </type>
      <mapping>
        <identity value="rim"/>
        <map value="n/a"/>
      </mapping>
    </element>
    <element id="Bundle:sdr-deathRecord-DeathRecord.entry:sdr-deathRecord-DeathRecordContents.extension">
      <path value="Bundle.entry.extension"/>
      <short value="Additional Content defined by implementations"/>
      <definition value="May be used to represent additional information that is not part of the basic definition of the element. In order to make the use of extensions safe and manageable, there is a strict set of governance  applied to the definition and use of extensions. Though any implementer is allowed to define an extension, there is a set of requirements that SHALL be met as part of the definition of the extension."/>
      <comment value="There can be no stigma associated with the use of extensions by any application, project, or standard - regardless of the institution or jurisdiction that uses or defines the extensions.  The use of extensions is what allows the FHIR specification to retain a core level of simplicity for everyone."/>
      <alias value="extensions"/>
      <alias value="user content"/>
      <min value="0"/>
      <max value="*"/>
      <base>
        <path value="Element.extension"/>
        <min value="0"/>
        <max value="*"/>
      </base>
      <type>
        <code value="Extension"/>
      </type>
      <mapping>
        <identity value="rim"/>
        <map value="n/a"/>
      </mapping>
    </element>
    <element id="Bundle:sdr-deathRecord-DeathRecord.entry:sdr-deathRecord-DeathRecordContents.modifierExtension">
      <path value="Bundle.entry.modifierExtension"/>
      <short value="Extensions that cannot be ignored"/>
      <definition value="May be used to represent additional information that is not part of the basic definition of the element, and that modifies the understanding of the element that contains it. Usually modifier elements provide negation or qualification. In order to make the use of extensions safe and manageable, there is a strict set of governance applied to the definition and use of extensions. Though any implementer is allowed to define an extension, there is a set of requirements that SHALL be met as part of the definition of the extension. Applications processing a resource are required to check for modifier extensions."/>
      <comment value="There can be no stigma associated with the use of extensions by any application, project, or standard - regardless of the institution or jurisdiction that uses or defines the extensions.  The use of extensions is what allows the FHIR specification to retain a core level of simplicity for everyone."/>
      <alias value="extensions"/>
      <alias value="user content"/>
      <alias value="modifiers"/>
      <min value="0"/>
      <max value="*"/>
      <base>
        <path value="BackboneElement.modifierExtension"/>
        <min value="0"/>
        <max value="*"/>
      </base>
      <type>
        <code value="Extension"/>
      </type>
      <isModifier value="true"/>
      <isSummary value="true"/>
      <mapping>
        <identity value="rim"/>
        <map value="N/A"/>
      </mapping>
    </element>
    <element id="Bundle:sdr-deathRecord-DeathRecord.entry:sdr-deathRecord-DeathRecordContents.link">
      <path value="Bundle.entry.link"/>
      <short value="Links related to this entry"/>
      <definition value="A series of links that provide context to this entry."/>
      <min value="0"/>
      <max value="*"/>
      <contentReference value="#Bundle.link"/>
      <isSummary value="true"/>
    </element>
    <element id="Bundle:sdr-deathRecord-DeathRecord.entry:sdr-deathRecord-DeathRecordContents.fullUrl">
      <path value="Bundle.entry.fullUrl"/>
      <short value="Absolute URL for resource (server address, or UUID/OID)"/>
      <definition value="The Absolute URL for the resource.  The fullUrl SHALL not disagree with the id in the resource. The fullUrl is a version independent reference to the resource. The fullUrl element SHALL have a value except that: &#xA;* fullUrl can be empty on a POST (although it does not need to when specifying a temporary id for reference in the bundle)&#xA;* Results from operations might involve resources that are not identified."/>
      <comment value="fullUrl may not be [unique in the context of a resource](bundle.html#bundle-unique). Note that since [FHIR resources do not need to be served through the FHIR API](references.html), the absolute URL may not end with the logical id of the resource (Resource.id), but if the fullUrl does look like a RESTful server URL (e.g. meets the [regex](references.html#regex), then it SHALL end with the Resource.id."/>
      <min value="0"/>
      <max value="1"/>
      <type>
        <code value="uri"/>
      </type>
      <isSummary value="true"/>
    </element>
    <element id="Bundle:sdr-deathRecord-DeathRecord.entry:sdr-deathRecord-DeathRecordContents.resource">
      <path value="Bundle.entry.resource"/>
      <short value="A resource in the bundle"/>
      <definition value="The Resources for the entry."/>
      <min value="0"/>
      <max value="1"/>
      <type>
        <code value="Resource"/>
      </type>
      <isSummary value="true"/>
    </element>
    <element id="Bundle:sdr-deathRecord-DeathRecord.entry:sdr-deathRecord-DeathRecordContents.search">
      <path value="Bundle.entry.search"/>
      <short value="Search related information"/>
      <definition value="Information about the search process that lead to the creation of this entry."/>
      <min value="0"/>
      <max value="1"/>
      <type>
        <code value="BackboneElement"/>
      </type>
      <condition value="bdl-2"/>
      <constraint>
        <key value="ele-1"/>
        <severity value="error"/>
        <human value="All FHIR elements must have a @value or children"/>
        <expression value="hasValue() | (children().count() &gt; id.count())"/>
        <xpath value="@value|f:*|h:div"/>
        <source value="Element"/>
      </constraint>
      <isSummary value="true"/>
    </element>
    <element id="Bundle:sdr-deathRecord-DeathRecord.entry:sdr-deathRecord-DeathRecordContents.search.id">
      <path value="Bundle.entry.search.id"/>
      <representation value="xmlAttr"/>
      <short value="xml:id (or equivalent in JSON)"/>
      <definition value="unique id for the element within a resource (for internal references). This may be any string value that does not contain spaces."/>
      <min value="0"/>
      <max value="1"/>
      <base>
        <path value="Element.id"/>
        <min value="0"/>
        <max value="1"/>
      </base>
      <type>
        <code value="string"/>
      </type>
      <mapping>
        <identity value="rim"/>
        <map value="n/a"/>
      </mapping>
    </element>
    <element id="Bundle:sdr-deathRecord-DeathRecord.entry:sdr-deathRecord-DeathRecordContents.search.extension">
      <path value="Bundle.entry.search.extension"/>
      <short value="Additional Content defined by implementations"/>
      <definition value="May be used to represent additional information that is not part of the basic definition of the element. In order to make the use of extensions safe and manageable, there is a strict set of governance  applied to the definition and use of extensions. Though any implementer is allowed to define an extension, there is a set of requirements that SHALL be met as part of the definition of the extension."/>
      <comment value="There can be no stigma associated with the use of extensions by any application, project, or standard - regardless of the institution or jurisdiction that uses or defines the extensions.  The use of extensions is what allows the FHIR specification to retain a core level of simplicity for everyone."/>
      <alias value="extensions"/>
      <alias value="user content"/>
      <min value="0"/>
      <max value="*"/>
      <base>
        <path value="Element.extension"/>
        <min value="0"/>
        <max value="*"/>
      </base>
      <type>
        <code value="Extension"/>
      </type>
      <mapping>
        <identity value="rim"/>
        <map value="n/a"/>
      </mapping>
    </element>
    <element id="Bundle:sdr-deathRecord-DeathRecord.entry:sdr-deathRecord-DeathRecordContents.search.modifierExtension">
      <path value="Bundle.entry.search.modifierExtension"/>
      <short value="Extensions that cannot be ignored"/>
      <definition value="May be used to represent additional information that is not part of the basic definition of the element, and that modifies the understanding of the element that contains it. Usually modifier elements provide negation or qualification. In order to make the use of extensions safe and manageable, there is a strict set of governance applied to the definition and use of extensions. Though any implementer is allowed to define an extension, there is a set of requirements that SHALL be met as part of the definition of the extension. Applications processing a resource are required to check for modifier extensions."/>
      <comment value="There can be no stigma associated with the use of extensions by any application, project, or standard - regardless of the institution or jurisdiction that uses or defines the extensions.  The use of extensions is what allows the FHIR specification to retain a core level of simplicity for everyone."/>
      <alias value="extensions"/>
      <alias value="user content"/>
      <alias value="modifiers"/>
      <min value="0"/>
      <max value="*"/>
      <base>
        <path value="BackboneElement.modifierExtension"/>
        <min value="0"/>
        <max value="*"/>
      </base>
      <type>
        <code value="Extension"/>
      </type>
      <isModifier value="true"/>
      <isSummary value="true"/>
      <mapping>
        <identity value="rim"/>
        <map value="N/A"/>
      </mapping>
    </element>
    <element id="Bundle:sdr-deathRecord-DeathRecord.entry:sdr-deathRecord-DeathRecordContents.search.mode">
      <path value="Bundle.entry.search.mode"/>
      <short value="match | include | outcome - why this is in the result set"/>
      <definition value="Why this entry is in the result set - whether it&#39;s included as a match or because of an _include requirement."/>
      <comment value="There is only one mode. In some corner cases, a resource may be included because it is both a match and an include. In these circumstances, &#39;match&#39; takes precedence."/>
      <min value="0"/>
      <max value="1"/>
      <type>
        <code value="code"/>
      </type>
      <isSummary value="true"/>
      <binding>
        <extension url="http://hl7.org/fhir/StructureDefinition/elementdefinition-bindingName">
          <valueString value="SearchEntryMode"/>
        </extension>
        <strength value="required"/>
        <description value="Why an entry is in the result set - whether it&#39;s included as a match or because of an _include requirement."/>
        <valueSetReference>
          <reference value="http://hl7.org/fhir/ValueSet/search-entry-mode"/>
        </valueSetReference>
      </binding>
    </element>
    <element id="Bundle:sdr-deathRecord-DeathRecord.entry:sdr-deathRecord-DeathRecordContents.search.score">
      <path value="Bundle.entry.search.score"/>
      <short value="Search ranking (between 0 and 1)"/>
      <definition value="When searching, the server&#39;s search ranking score for the entry."/>
      <comment value="Servers are not required to return a ranking score. 1 is most relevant, and 0 is least relevant. Often, search results are sorted by score, but the client may specify a different sort order."/>
      <min value="0"/>
      <max value="1"/>
      <type>
        <code value="decimal"/>
      </type>
      <isSummary value="true"/>
    </element>
    <element id="Bundle:sdr-deathRecord-DeathRecord.entry:sdr-deathRecord-DeathRecordContents.request">
      <path value="Bundle.entry.request"/>
      <short value="Transaction Related Information"/>
      <definition value="Additional information about how this entry should be processed as part of a transaction."/>
      <min value="0"/>
      <max value="1"/>
      <type>
        <code value="BackboneElement"/>
      </type>
      <condition value="bdl-3"/>
      <constraint>
        <key value="ele-1"/>
        <severity value="error"/>
        <human value="All FHIR elements must have a @value or children"/>
        <expression value="hasValue() | (children().count() &gt; id.count())"/>
        <xpath value="@value|f:*|h:div"/>
        <source value="Element"/>
      </constraint>
      <isSummary value="true"/>
    </element>
    <element id="Bundle:sdr-deathRecord-DeathRecord.entry:sdr-deathRecord-DeathRecordContents.request.id">
      <path value="Bundle.entry.request.id"/>
      <representation value="xmlAttr"/>
      <short value="xml:id (or equivalent in JSON)"/>
      <definition value="unique id for the element within a resource (for internal references). This may be any string value that does not contain spaces."/>
      <min value="0"/>
      <max value="1"/>
      <base>
        <path value="Element.id"/>
        <min value="0"/>
        <max value="1"/>
      </base>
      <type>
        <code value="string"/>
      </type>
      <mapping>
        <identity value="rim"/>
        <map value="n/a"/>
      </mapping>
    </element>
    <element id="Bundle:sdr-deathRecord-DeathRecord.entry:sdr-deathRecord-DeathRecordContents.request.extension">
      <path value="Bundle.entry.request.extension"/>
      <short value="Additional Content defined by implementations"/>
      <definition value="May be used to represent additional information that is not part of the basic definition of the element. In order to make the use of extensions safe and manageable, there is a strict set of governance  applied to the definition and use of extensions. Though any implementer is allowed to define an extension, there is a set of requirements that SHALL be met as part of the definition of the extension."/>
      <comment value="There can be no stigma associated with the use of extensions by any application, project, or standard - regardless of the institution or jurisdiction that uses or defines the extensions.  The use of extensions is what allows the FHIR specification to retain a core level of simplicity for everyone."/>
      <alias value="extensions"/>
      <alias value="user content"/>
      <min value="0"/>
      <max value="*"/>
      <base>
        <path value="Element.extension"/>
        <min value="0"/>
        <max value="*"/>
      </base>
      <type>
        <code value="Extension"/>
      </type>
      <mapping>
        <identity value="rim"/>
        <map value="n/a"/>
      </mapping>
    </element>
    <element id="Bundle:sdr-deathRecord-DeathRecord.entry:sdr-deathRecord-DeathRecordContents.request.modifierExtension">
      <path value="Bundle.entry.request.modifierExtension"/>
      <short value="Extensions that cannot be ignored"/>
      <definition value="May be used to represent additional information that is not part of the basic definition of the element, and that modifies the understanding of the element that contains it. Usually modifier elements provide negation or qualification. In order to make the use of extensions safe and manageable, there is a strict set of governance applied to the definition and use of extensions. Though any implementer is allowed to define an extension, there is a set of requirements that SHALL be met as part of the definition of the extension. Applications processing a resource are required to check for modifier extensions."/>
      <comment value="There can be no stigma associated with the use of extensions by any application, project, or standard - regardless of the institution or jurisdiction that uses or defines the extensions.  The use of extensions is what allows the FHIR specification to retain a core level of simplicity for everyone."/>
      <alias value="extensions"/>
      <alias value="user content"/>
      <alias value="modifiers"/>
      <min value="0"/>
      <max value="*"/>
      <base>
        <path value="BackboneElement.modifierExtension"/>
        <min value="0"/>
        <max value="*"/>
      </base>
      <type>
        <code value="Extension"/>
      </type>
      <isModifier value="true"/>
      <isSummary value="true"/>
      <mapping>
        <identity value="rim"/>
        <map value="N/A"/>
      </mapping>
    </element>
    <element id="Bundle:sdr-deathRecord-DeathRecord.entry:sdr-deathRecord-DeathRecordContents.request.method">
      <path value="Bundle.entry.request.method"/>
      <short value="GET | POST | PUT | DELETE"/>
      <definition value="The HTTP verb for this entry in either a change history, or a transaction/ transaction response."/>
      <min value="1"/>
      <max value="1"/>
      <type>
        <code value="code"/>
      </type>
      <isSummary value="true"/>
      <binding>
        <extension url="http://hl7.org/fhir/StructureDefinition/elementdefinition-bindingName">
          <valueString value="HTTPVerb"/>
        </extension>
        <strength value="required"/>
        <description value="HTTP verbs (in the HTTP command line)."/>
        <valueSetReference>
          <reference value="http://hl7.org/fhir/ValueSet/http-verb"/>
        </valueSetReference>
      </binding>
    </element>
    <element id="Bundle:sdr-deathRecord-DeathRecord.entry:sdr-deathRecord-DeathRecordContents.request.url">
      <path value="Bundle.entry.request.url"/>
      <short value="URL for HTTP equivalent of this entry"/>
      <definition value="The URL for this entry, relative to the root (the address to which the request is posted)."/>
      <comment value="E.g. for a Patient Create, the method would be &quot;POST&quot; and the URL would be &quot;Patient&quot;. For a Patient Update, the method would be PUT, and the URL would be &quot;Patient/[id]&quot;."/>
      <min value="1"/>
      <max value="1"/>
      <type>
        <code value="uri"/>
      </type>
      <isSummary value="true"/>
    </element>
    <element id="Bundle:sdr-deathRecord-DeathRecord.entry:sdr-deathRecord-DeathRecordContents.request.ifNoneMatch">
      <path value="Bundle.entry.request.ifNoneMatch"/>
      <short value="For managing cache currency"/>
      <definition value="If the ETag values match, return a 304 Not Modified status. See the API documentation for [&quot;Conditional Read&quot;](http.html#cread)."/>
      <min value="0"/>
      <max value="1"/>
      <type>
        <code value="string"/>
      </type>
      <isSummary value="true"/>
    </element>
    <element id="Bundle:sdr-deathRecord-DeathRecord.entry:sdr-deathRecord-DeathRecordContents.request.ifModifiedSince">
      <path value="Bundle.entry.request.ifModifiedSince"/>
      <short value="For managing update contention"/>
      <definition value="Only perform the operation if the last updated date matches. See the API documentation for [&quot;Conditional Read&quot;](http.html#cread)."/>
      <min value="0"/>
      <max value="1"/>
      <type>
        <code value="instant"/>
      </type>
      <isSummary value="true"/>
    </element>
    <element id="Bundle:sdr-deathRecord-DeathRecord.entry:sdr-deathRecord-DeathRecordContents.request.ifMatch">
      <path value="Bundle.entry.request.ifMatch"/>
      <short value="For managing update contention"/>
      <definition value="Only perform the operation if the Etag value matches. For more information, see the API section [&quot;Managing Resource Contention&quot;](http.html#concurrency)."/>
      <min value="0"/>
      <max value="1"/>
      <type>
        <code value="string"/>
      </type>
      <isSummary value="true"/>
    </element>
    <element id="Bundle:sdr-deathRecord-DeathRecord.entry:sdr-deathRecord-DeathRecordContents.request.ifNoneExist">
      <path value="Bundle.entry.request.ifNoneExist"/>
      <short value="For conditional creates"/>
      <definition value="Instruct the server not to perform the create if a specified resource already exists. For further information, see the API documentation for [&quot;Conditional Create&quot;](http.html#ccreate). This is just the query portion of the URL - what follows the &quot;?&quot; (not including the &quot;?&quot;)."/>
      <min value="0"/>
      <max value="1"/>
      <type>
        <code value="string"/>
      </type>
      <isSummary value="true"/>
    </element>
    <element id="Bundle:sdr-deathRecord-DeathRecord.entry:sdr-deathRecord-DeathRecordContents.response">
      <path value="Bundle.entry.response"/>
      <short value="Transaction Related Information"/>
      <definition value="Additional information about how this entry should be processed as part of a transaction."/>
      <min value="0"/>
      <max value="1"/>
      <type>
        <code value="BackboneElement"/>
      </type>
      <condition value="bdl-4"/>
      <constraint>
        <key value="ele-1"/>
        <severity value="error"/>
        <human value="All FHIR elements must have a @value or children"/>
        <expression value="hasValue() | (children().count() &gt; id.count())"/>
        <xpath value="@value|f:*|h:div"/>
        <source value="Element"/>
      </constraint>
      <isSummary value="true"/>
    </element>
    <element id="Bundle:sdr-deathRecord-DeathRecord.entry:sdr-deathRecord-DeathRecordContents.response.id">
      <path value="Bundle.entry.response.id"/>
      <representation value="xmlAttr"/>
      <short value="xml:id (or equivalent in JSON)"/>
      <definition value="unique id for the element within a resource (for internal references). This may be any string value that does not contain spaces."/>
      <min value="0"/>
      <max value="1"/>
      <base>
        <path value="Element.id"/>
        <min value="0"/>
        <max value="1"/>
      </base>
      <type>
        <code value="string"/>
      </type>
      <mapping>
        <identity value="rim"/>
        <map value="n/a"/>
      </mapping>
    </element>
    <element id="Bundle:sdr-deathRecord-DeathRecord.entry:sdr-deathRecord-DeathRecordContents.response.extension">
      <path value="Bundle.entry.response.extension"/>
      <short value="Additional Content defined by implementations"/>
      <definition value="May be used to represent additional information that is not part of the basic definition of the element. In order to make the use of extensions safe and manageable, there is a strict set of governance  applied to the definition and use of extensions. Though any implementer is allowed to define an extension, there is a set of requirements that SHALL be met as part of the definition of the extension."/>
      <comment value="There can be no stigma associated with the use of extensions by any application, project, or standard - regardless of the institution or jurisdiction that uses or defines the extensions.  The use of extensions is what allows the FHIR specification to retain a core level of simplicity for everyone."/>
      <alias value="extensions"/>
      <alias value="user content"/>
      <min value="0"/>
      <max value="*"/>
      <base>
        <path value="Element.extension"/>
        <min value="0"/>
        <max value="*"/>
      </base>
      <type>
        <code value="Extension"/>
      </type>
      <mapping>
        <identity value="rim"/>
        <map value="n/a"/>
      </mapping>
    </element>
    <element id="Bundle:sdr-deathRecord-DeathRecord.entry:sdr-deathRecord-DeathRecordContents.response.modifierExtension">
      <path value="Bundle.entry.response.modifierExtension"/>
      <short value="Extensions that cannot be ignored"/>
      <definition value="May be used to represent additional information that is not part of the basic definition of the element, and that modifies the understanding of the element that contains it. Usually modifier elements provide negation or qualification. In order to make the use of extensions safe and manageable, there is a strict set of governance applied to the definition and use of extensions. Though any implementer is allowed to define an extension, there is a set of requirements that SHALL be met as part of the definition of the extension. Applications processing a resource are required to check for modifier extensions."/>
      <comment value="There can be no stigma associated with the use of extensions by any application, project, or standard - regardless of the institution or jurisdiction that uses or defines the extensions.  The use of extensions is what allows the FHIR specification to retain a core level of simplicity for everyone."/>
      <alias value="extensions"/>
      <alias value="user content"/>
      <alias value="modifiers"/>
      <min value="0"/>
      <max value="*"/>
      <base>
        <path value="BackboneElement.modifierExtension"/>
        <min value="0"/>
        <max value="*"/>
      </base>
      <type>
        <code value="Extension"/>
      </type>
      <isModifier value="true"/>
      <isSummary value="true"/>
      <mapping>
        <identity value="rim"/>
        <map value="N/A"/>
      </mapping>
    </element>
    <element id="Bundle:sdr-deathRecord-DeathRecord.entry:sdr-deathRecord-DeathRecordContents.response.status">
      <path value="Bundle.entry.response.status"/>
      <short value="Status response code (text optional)"/>
      <definition value="The status code returned by processing this entry. The status SHALL start with a 3 digit HTTP code (e.g. 404) and may contain the standard HTTP description associated with the status code."/>
      <min value="1"/>
      <max value="1"/>
      <type>
        <code value="string"/>
      </type>
      <isSummary value="true"/>
    </element>
    <element id="Bundle:sdr-deathRecord-DeathRecord.entry:sdr-deathRecord-DeathRecordContents.response.location">
      <path value="Bundle.entry.response.location"/>
      <short value="The location, if the operation returns a location"/>
      <definition value="The location header created by processing this operation."/>
      <min value="0"/>
      <max value="1"/>
      <type>
        <code value="uri"/>
      </type>
      <isSummary value="true"/>
    </element>
    <element id="Bundle:sdr-deathRecord-DeathRecord.entry:sdr-deathRecord-DeathRecordContents.response.etag">
      <path value="Bundle.entry.response.etag"/>
      <short value="The etag for the resource (if relevant)"/>
      <definition value="The etag for the resource, it the operation for the entry produced a versioned resource (see [Resource Metadata and Versioning](http.html#versioning) and [Managing Resource Contention](http.html#concurrency))."/>
      <comment value="Etags match the Resource.meta.versionId. The ETag has to match the version id in the header if a resource is included."/>
      <min value="0"/>
      <max value="1"/>
      <type>
        <code value="string"/>
      </type>
      <isSummary value="true"/>
    </element>
    <element id="Bundle:sdr-deathRecord-DeathRecord.entry:sdr-deathRecord-DeathRecordContents.response.lastModified">
      <path value="Bundle.entry.response.lastModified"/>
      <short value="Server&#39;s date time modified"/>
      <definition value="The date/time that the resource was modified on the server."/>
      <comment value="This has to match the same time in the meta header if a resource is included."/>
      <min value="0"/>
      <max value="1"/>
      <type>
        <code value="instant"/>
      </type>
      <isSummary value="true"/>
    </element>
    <element id="Bundle:sdr-deathRecord-DeathRecord.entry:sdr-deathRecord-DeathRecordContents.response.outcome">
      <path value="Bundle.entry.response.outcome"/>
      <short value="OperationOutcome with hints and warnings (for batch/transaction)"/>
      <definition value="An OperationOutcome containing hints and warnings produced as part of processing this entry in a batch or transaction."/>
      <comment value="For a POST/PUT operation, this is the equivalent outcome that would be returned for prefer = operationoutcome - except that the resource is always returned whether or not the outcome is returned."/>
      <min value="0"/>
      <max value="1"/>
      <type>
        <code value="Resource"/>
      </type>
      <isSummary value="true"/>
    </element>
    <element id="Bundle:sdr-deathRecord-DeathRecord.signature">
      <path value="Bundle.signature"/>
      <short value="Digital Signature"/>
      <definition value="Digital Signature - base64 encoded. XML-DSIg or a JWT."/>
      <comment value="The signature could be created by the &quot;author&quot; of the bundle or by the originating device.   Requirements around inclusion of a signature, verification of signatures and treatment of signed/non-signed bundles is implementation-environment specific."/>
      <requirements value="This element allows capturing signatures on documents. It also allows signatures on messages, transactions or even query responses. It may support content-authentication, non-repudiation or other business cases. This is primarily relevant where the bundle may travel through multiple hops or via other mechanisms where HTTPS non-repudiation is insufficient."/>
      <min value="0"/>
      <max value="1"/>
      <type>
        <code value="Signature"/>
      </type>
      <isSummary value="true"/>
    </element>
  </snapshot>
  <differential>
    <element id="Bundle:sdr-deathRecord-DeathRecord">
      <path value="Bundle"/>
      <short value="SDR DeathRecord Profile"/>
      <definition value="A document that details information about the death of an individual. The contents correspond to items included in the [U.S. Standard Certificate of Death](https://www.cdc.gov/nchs/data/dvs/DEATH11-03final-ACC.pdf)."/>
    </element>
    <element id="Bundle:sdr-deathRecord-DeathRecord.type">
      <path value="Bundle.type"/>
      <fixedCode value="document"/>
    </element>
    <element id="Bundle:sdr-deathRecord-DeathRecord.entry">
      <path value="Bundle.entry"/>
      <slicing id="1">
        <discriminator>
          <type value="profile"/>
          <path value="resource"/>
        </discriminator>
        <ordered value="false"/>
        <rules value="open"/>
      </slicing>
    </element>
    <element id="Bundle:sdr-deathRecord-DeathRecord.entry:sdr-deathRecord-DeathRecordContents">
      <path value="Bundle.entry"/>
      <sliceName value="sdr-deathRecord-DeathRecordContents"/>
      <short value="DeathRecordContents"/>
      <definition value="Defines the contents of a death record document. The content is mapped from the [U.S. Standard Certificate of Death](https://www.cdc.gov/nchs/data/dvs/DEATH11-03final-ACC.pdf)."/>
      <min value="1"/>
      <max value="1"/>
    </element>
  </differential>
</StructureDefinition>