{
  "resourceType": "ValueSet",
  "id": "sdr-causeOfDeath-DispositionTypeVS",
  "text": {
    "status": "generated",
    "div": "<div xmlns=\"http://www.w3.org/1999/xhtml\">\n<p><b>SDR DispositionTypeVS ValueSet</b></p>\n<p>Method of disposition of decedent's remains</p>\n</div>"
  },
  "url": "http://github.com/nightingaleproject/fhirDeathRecord/sdr/causeOfDeath/vs/DispositionTypeVS",
  "identifier": [
    {
      "system": "http://github.com/nightingaleproject/fhirDeathRecord",
      "value": "sdr.causeOfDeath.DispositionTypeVS"
    }
  ],
  "version": "0.0.1",
  "name": "SDR DispositionTypeVS ValueSet",
  "title": "SDR DispositionTypeVS ValueSet",
  "status": "draft",
  "date": "2018-03-19",
  "publisher": "The MITRE Corporation: Nightingale Project",
  "contact": [
    {
      "telecom": [
        {
          "system": "url",
          "value": "http://github.com/nightingaleproject/fhirDeathRecord"
        }
      ]
    }
  ],
  "description": "Method of disposition of decedent's remains",
  "compose": {
    "include": [
      {
        "system": "http://snomed.info/sct",
        "concept": [
          {
            "code": "449951000124101",
            "display": "Donation"
          },
          {
            "code": "449971000124106",
            "display": "Burial"
          },
          {
            "code": "449961000124104",
            "display": "Cremation"
          },
          {
            "code": "449931000124108",
            "display": "Entombment"
          },
          {
            "code": "449941000124103",
            "display": "Removal from state"
          },
          {
            "code": "455401000124109",
            "display": "Hospital Disposition"
          }
        ]
      },
      {
        "system": "http://hl7.org/fhir/v3/NullFlavor",
        "concept": [
          {
            "code": "UNK",
            "display": "Unknown"
          },
          {
            "code": "OTH",
            "display": "Other"
          }
        ]
      }
    ]
  }
}