{
  "resourceType": "ImplementationGuide",
  "id": "3359",
  "text": {
    "status": "generated",
    "div": "<div xmlns=\"http://www.w3.org/1999/xhtml\"><h2>Death Record</h2><p>The official URL for this implementation guide is: </p><pre>https://github.com/nightingaleproject/fhir-death-record/ImplementationGuide/3359</pre></div>"
  },
  "url": "https://github.com/nightingaleproject/fhir-death-record/ImplementationGuide/3359",
  "name": "Death Record",
  "status": "draft",
  "package": [
    {
      "name": "Profiles in this Implementation Guide",
      "resource": [
        {
          "extension": [
            {
              "url": "http://hl7.org/fhir/StructureDefinition/implementationguide-page",
              "valueUri": "StructureDefinition-Death-Record.html"
            }
          ],
          "example": false,
          "sourceReference": {
            "reference": "StructureDefinition/Death-Record",
            "display": "Death Record"
          }
        },
        {
          "extension": [
            {
              "url": "http://hl7.org/fhir/StructureDefinition/implementationguide-page",
              "valueUri": "StructureDefinition-Death-Record-Composition.html"
            }
          ],
          "example": false,
          "sourceReference": {
            "reference": "StructureDefinition/Death-Record-Composition",
            "display": "Death Record Composition"
          }
        },
        {
          "extension": [
            {
              "url": "http://hl7.org/fhir/StructureDefinition/implementationguide-page",
              "valueUri": "StructureDefinition-Cause-of-Death-Condition.html"
            }
          ],
          "example": false,
          "sourceReference": {
            "reference": "StructureDefinition/Cause-of-Death-Condition",
            "display": "Cause of Death Condition"
          }
        },
        {
          "extension": [
            {
              "url": "http://hl7.org/fhir/StructureDefinition/implementationguide-page",
              "valueUri": "StructureDefinition-Actual-Or-Presumed-Date-Of-Death.html"
            }
          ],
          "example": false,
          "sourceReference": {
            "reference": "StructureDefinition/Actual-Or-Presumed-Date-Of-Death",
            "display": "Actual-Or-Presumed-Date-Of-Death"
          }
        },
        {
          "extension": [
            {
              "url": "http://hl7.org/fhir/StructureDefinition/implementationguide-page",
              "valueUri": "StructureDefinition-Autopsy-Performed.html"
            }
          ],
          "example": false,
          "sourceReference": {
            "reference": "StructureDefinition/Autopsy-Performed",
            "display": "Autopsy-Performed"
          }
        },
        {
          "extension": [
            {
              "url": "http://hl7.org/fhir/StructureDefinition/implementationguide-page",
              "valueUri": "StructureDefinition-Autopsy-Results-Available.html"
            }
          ],
          "example": false,
          "sourceReference": {
            "reference": "StructureDefinition/Autopsy-Results-Available",
            "display": "Autopsy-Results-Available"
          }
        },
        {
          "extension": [
            {
              "url": "http://hl7.org/fhir/StructureDefinition/implementationguide-page",
              "valueUri": "StructureDefinition-Date-Pronounced-Dead.html"
            }
          ],
          "example": false,
          "sourceReference": {
            "reference": "StructureDefinition/Date-Pronounced-Dead",
            "display": "Date-Pronounced-Dead"
          }
        },
        {
          "extension": [
            {
              "url": "http://hl7.org/fhir/StructureDefinition/implementationguide-page",
              "valueUri": "StructureDefinition-Death-Resulted-From-Injury-At-Work.html"
            }
          ],
          "example": false,
          "sourceReference": {
            "reference": "StructureDefinition/Death-Resulted-From-Injury-At-Work",
            "display": "Death-Resulted-From-Injury-At-Work"
          }
        },
        {
          "extension": [
            {
              "url": "http://hl7.org/fhir/StructureDefinition/implementationguide-page",
              "valueUri": "StructureDefinition-Injury-Leading-To-Death-Associated-Trans.html"
            }
          ],
          "example": false,
          "sourceReference": {
            "reference": "StructureDefinition/Injury-Leading-To-Death-Associated-Trans",
            "display": "Injury-Leading-To-Death-Associated-With-Transportation"
          }
        },
        {
          "extension": [
            {
              "url": "http://hl7.org/fhir/StructureDefinition/implementationguide-page",
              "valueUri": "StructureDefinition-Manner-Of-Death.html"
            }
          ],
          "example": false,
          "sourceReference": {
            "reference": "StructureDefinition/Manner-Of-Death",
            "display": "Manner-Of-Death"
          }
        },
        {
          "extension": [
            {
              "url": "http://hl7.org/fhir/StructureDefinition/implementationguide-page",
              "valueUri": "StructureDefinition-Medical-Examiner-Or-Coroner-Contacted.html"
            }
          ],
          "example": false,
          "sourceReference": {
            "reference": "StructureDefinition/Medical-Examiner-Or-Coroner-Contacted",
            "display": "Medical-Examiner-Or-Coroner-Contacted"
          }
        },
        {
          "extension": [
            {
              "url": "http://hl7.org/fhir/StructureDefinition/implementationguide-page",
              "valueUri": "StructureDefinition-Timing-Of-Pregnancy-In-Relation-To-Death.html"
            }
          ],
          "example": false,
          "sourceReference": {
            "reference": "StructureDefinition/Timing-Of-Pregnancy-In-Relation-To-Death",
            "display": "Timing-Of-Recent-Pregnancy-In-Relation-To-Death"
          }
        },
        {
          "extension": [
            {
              "url": "http://hl7.org/fhir/StructureDefinition/implementationguide-page",
              "valueUri": "StructureDefinition-Tobacco-Use-Contributed-To-Death.html"
            }
          ],
          "example": false,
          "sourceReference": {
            "reference": "StructureDefinition/Tobacco-Use-Contributed-To-Death",
            "display": "Tobacco-Use-Contributed-To-Death"
          }
        },
        {
          "extension": [
            {
              "url": "http://hl7.org/fhir/StructureDefinition/implementationguide-page",
              "valueUri": "StructureDefinition-Death-Record-Decedent.html"
            }
          ],
          "example": false,
          "sourceReference": {
            "reference": "StructureDefinition/Death-Record-Decedent",
            "display": "Death-Record-Decedent"
          }
        },
        {
          "extension": [
            {
              "url": "http://hl7.org/fhir/StructureDefinition/implementationguide-page",
              "valueUri": "StructureDefinition-Death-Certifier.html"
            }
          ],
          "example": false,
          "sourceReference": {
            "reference": "StructureDefinition/Death-Certifier",
            "display": "Death Certifier"
          }
        }
      ]
    }
  ],
  "page": {
    "source": "http://test.com/IG/View/3359",
    "title": "Death Record",
    "kind": "page"
  }
}