{
  "resourceType": "Bundle",
  "id": "0a17cc97-b87d-4da1-830a-a761ffffef0b",
  "meta": {
    "lastUpdated": "2018-04-19T10:10:26.507-04:00"
  },
  "type": "collection",
  "entry": [
    {
      "fullUrl": "http://github.com/nightingaleproject/fhirDeathRecord/sdr/deathRecord/vs/CertifierTypeVS",
      "resource": {
        "resourceType": "ValueSet",
        "id": "sdr-deathRecord-CertifierTypeVS",
        "text": {
          "status": "generated",
          "div": "<div xmlns=\"http://www.w3.org/1999/xhtml\"><p>This value set contains 5 concepts</p><p style=\"border: black 1px dotted; background-color: #EEEEEE; padding: 8px\">Expansion based on http://hl7.org/fhir/v3/NullFlavor version 2016-11-11</p><table class=\"codes\"><tr><td style=\"white-space:nowrap\"><b>Code</b></td><td><b>System</b></td><td><b>Display</b></td><td><b>Definition</b></td></tr><tr><td style=\"white-space:nowrap\"><a name=\"http---snomed.info-sct-434641000124105\"> </a><a href=\"http://browser.ihtsdotools.org/?perspective=full&amp;conceptId1=434641000124105\">434641000124105</a></td><td>http://snomed.info/sct</td><td>Physician (Certifier)</td><td/></tr><tr><td style=\"white-space:nowrap\"><a name=\"http---snomed.info-sct-434651000124107\"> </a><a href=\"http://browser.ihtsdotools.org/?perspective=full&amp;conceptId1=434651000124107\">434651000124107</a></td><td>http://snomed.info/sct</td><td>Physician (Pronouncer and Certifier)</td><td/></tr><tr><td style=\"white-space:nowrap\"><a name=\"http---snomed.info-sct-310193003\"> </a><a href=\"http://browser.ihtsdotools.org/?perspective=full&amp;conceptId1=310193003\">310193003</a></td><td>http://snomed.info/sct</td><td>Coroner</td><td/></tr><tr><td style=\"white-space:nowrap\"><a name=\"http---snomed.info-sct-440051000124108\"> </a><a href=\"http://browser.ihtsdotools.org/?perspective=full&amp;conceptId1=440051000124108\">440051000124108</a></td><td>http://snomed.info/sct</td><td>Medical Examiner</td><td/></tr><tr><td style=\"white-space:nowrap\"><a name=\"http---hl7.org-fhir-v3-NullFlavor-OTH\"> </a><a href=\"http://hl7.org/fhir/STU3/v3/NullFlavor/cs.html#v3-NullFlavor-OTH\">OTH</a></td><td>http://hl7.org/fhir/v3/NullFlavor</td><td>Other</td><td>Description:The actual value is not a member of the set of permitted data values in the constrained value domain of a variable. (e.g., concept not provided by required code system).\r\n\n                        \n                           Usage Notes: This flavor and its specializations are most commonly used with the CD datatype and its flavors.  However, it may apply to *any* datatype where the constraints of the type are tighter than can be conveyed.  For example, a PQ that is for a true measured amount whose units are not supported in UCUM, a need to convey a REAL when the type has been constrained to INT, etc.\r\n\n                        With coded datatypes, this null flavor may only be used if the vocabulary binding has a coding strength of CNE.  By definition, all local codes and original text are part of the value set if the coding strength is CWE.</td></tr></table></div>"
        },
        "url": "http://github.com/nightingaleproject/fhirDeathRecord/sdr/deathRecord/vs/CertifierTypeVS",
        "identifier": [
          {
            "system": "http://github.com/nightingaleproject/fhirDeathRecord",
            "value": "sdr.deathRecord.CertifierTypeVS"
          }
        ],
        "version": "0.1.0",
        "name": "CertifierTypeVS",
        "title": "SDR CertifierTypeVS ValueSet",
        "status": "draft",
        "date": "2018-04-19T00:00:00-04:00",
        "publisher": "The MITRE Corporation: Nightingale Project",
        "contact": [
          {
            "telecom": [
              {
                "system": "url",
                "value": "http://github.com/nightingaleproject/fhirDeathRecord"
              }
            ]
          }
        ],
        "description": "Type of certifier for a death record. Corresponds to the allowed values for item 45 of the [U.S. Standard Certificate of Death](https://www.cdc.gov/nchs/data/dvs/DEATH11-03final-ACC.pdf).",
        "expansion": {
          "identifier": "urn:uuid:a7602af1-6be7-4dd5-bf8c-670c030e53cb",
          "timestamp": "2018-04-19T10:10:51-04:00",
          "total": 5,
          "parameter": [
            {
              "name": "profile",
              "valueUri": "http://hl7.org/fhir/ExpansionProfile/dc8fd4bc-091a-424a-8a3b-6198ef146891"
            },
            {
              "name": "expansion-profile",
              "valueString": "http://hl7.org/fhir/ExpansionProfile/dc8fd4bc-091a-424a-8a3b-6198ef146891"
            },
            {
              "name": "limitedExpansion",
              "valueBoolean": true
            },
            {
              "name": "version",
              "valueUri": "http://snomed.info/sct?version=http://snomed.info/sct/731000124108/version/20160901"
            },
            {
              "name": "version",
              "valueUri": "http://hl7.org/fhir/v3/NullFlavor|2016-11-11"
            }
          ],
          "contains": [
            {
              "system": "http://snomed.info/sct",
              "code": "434641000124105",
              "display": "Physician (Certifier)"
            },
            {
              "system": "http://snomed.info/sct",
              "code": "434651000124107",
              "display": "Physician (Pronouncer and Certifier)"
            },
            {
              "system": "http://snomed.info/sct",
              "code": "310193003",
              "display": "Coroner"
            },
            {
              "system": "http://snomed.info/sct",
              "code": "440051000124108",
              "display": "Medical Examiner"
            },
            {
              "system": "http://hl7.org/fhir/v3/NullFlavor",
              "code": "OTH",
              "display": "Other"
            }
          ]
        }
      }
    },
    {
      "fullUrl": "http://github.com/nightingaleproject/fhirDeathRecord/sdr/causeOfDeath/vs/ContributoryTobaccoUseVS",
      "resource": {
        "resourceType": "ValueSet",
        "id": "sdr-causeOfDeath-ContributoryTobaccoUseVS",
        "text": {
          "status": "generated",
          "div": "<div xmlns=\"http://www.w3.org/1999/xhtml\"><p>This value set contains 5 concepts</p><p style=\"border: black 1px dotted; background-color: #EEEEEE; padding: 8px\">Expansion based on http://hl7.org/fhir/v3/NullFlavor version 2016-11-11</p><table class=\"codes\"><tr><td style=\"white-space:nowrap\"><b>Code</b></td><td><b>System</b></td><td><b>Display</b></td><td><b>Definition</b></td></tr><tr><td style=\"white-space:nowrap\"><a name=\"http---snomed.info-sct-373066001\"> </a><a href=\"http://browser.ihtsdotools.org/?perspective=full&amp;conceptId1=373066001\">373066001</a></td><td>http://snomed.info/sct</td><td>Yes</td><td/></tr><tr><td style=\"white-space:nowrap\"><a name=\"http---snomed.info-sct-373067005\"> </a><a href=\"http://browser.ihtsdotools.org/?perspective=full&amp;conceptId1=373067005\">373067005</a></td><td>http://snomed.info/sct</td><td>No</td><td/></tr><tr><td style=\"white-space:nowrap\"><a name=\"http---snomed.info-sct-2931005\"> </a><a href=\"http://browser.ihtsdotools.org/?perspective=full&amp;conceptId1=2931005\">2931005</a></td><td>http://snomed.info/sct</td><td>Probably</td><td/></tr><tr><td style=\"white-space:nowrap\"><a name=\"http---hl7.org-fhir-v3-NullFlavor-UNK\"> </a><a href=\"http://hl7.org/fhir/STU3/v3/NullFlavor/cs.html#v3-NullFlavor-UNK\">UNK</a></td><td>http://hl7.org/fhir/v3/NullFlavor</td><td>Unknown</td><td>Description:A proper value is applicable, but not known.\r\n\n                        \n                           Usage Notes: This means the actual value is not known.  If the only thing that is unknown is how to properly express the value in the necessary constraints (value set, datatype, etc.), then the OTH or UNC flavor should be used.  No properties should be included for a datatype with this property unless:\r\n\n                        \n                           Those properties themselves directly translate to a semantic of &quot;unknown&quot;.  (E.g. a local code sent as a translation that conveys 'unknown')\n                           Those properties further qualify the nature of what is unknown.  (E.g. specifying a use code of &quot;H&quot; and a URL prefix of &quot;tel:&quot; to convey that it is the home phone number that is unknown.)</td></tr><tr><td style=\"white-space:nowrap\"><a name=\"http---hl7.org-fhir-v3-NullFlavor-NASK\"> </a><a href=\"http://hl7.org/fhir/STU3/v3/NullFlavor/cs.html#v3-NullFlavor-NASK\">NASK</a></td><td>http://hl7.org/fhir/v3/NullFlavor</td><td>Not asked</td><td>This information has not been sought (e.g., patient was not asked)</td></tr></table></div>"
        },
        "url": "http://github.com/nightingaleproject/fhirDeathRecord/sdr/causeOfDeath/vs/ContributoryTobaccoUseVS",
        "identifier": [
          {
            "system": "http://github.com/nightingaleproject/fhirDeathRecord",
            "value": "sdr.causeOfDeath.ContributoryTobaccoUseVS"
          }
        ],
        "version": "0.1.0",
        "name": "ContributoryTobaccoUseVS",
        "title": "SDR ContributoryTobaccoUseVS ValueSet",
        "status": "draft",
        "date": "2018-04-19T00:00:00-04:00",
        "publisher": "The MITRE Corporation: Nightingale Project",
        "contact": [
          {
            "telecom": [
              {
                "system": "url",
                "value": "http://github.com/nightingaleproject/fhirDeathRecord"
              }
            ]
          }
        ],
        "description": "The extent to which tobacco use contributed to the person's death. Corresponds to the allowed values for item 35 of the [U.S. Standard Certificate of Death](https://www.cdc.gov/nchs/data/dvs/DEATH11-03final-ACC.pdf).",
        "expansion": {
          "identifier": "urn:uuid:36a3b203-8794-4ebc-a0cd-50761fadb9a8",
          "timestamp": "2018-04-19T10:10:51-04:00",
          "total": 5,
          "parameter": [
            {
              "name": "profile",
              "valueUri": "http://hl7.org/fhir/ExpansionProfile/dc8fd4bc-091a-424a-8a3b-6198ef146891"
            },
            {
              "name": "expansion-profile",
              "valueString": "http://hl7.org/fhir/ExpansionProfile/dc8fd4bc-091a-424a-8a3b-6198ef146891"
            },
            {
              "name": "limitedExpansion",
              "valueBoolean": true
            },
            {
              "name": "version",
              "valueUri": "http://snomed.info/sct?version=http://snomed.info/sct/731000124108/version/20160901"
            },
            {
              "name": "version",
              "valueUri": "http://hl7.org/fhir/v3/NullFlavor|2016-11-11"
            }
          ],
          "contains": [
            {
              "system": "http://snomed.info/sct",
              "code": "373066001",
              "display": "Yes"
            },
            {
              "system": "http://snomed.info/sct",
              "code": "373067005",
              "display": "No"
            },
            {
              "system": "http://snomed.info/sct",
              "code": "2931005",
              "display": "Probably"
            },
            {
              "system": "http://hl7.org/fhir/v3/NullFlavor",
              "code": "UNK",
              "display": "Unknown"
            },
            {
              "system": "http://hl7.org/fhir/v3/NullFlavor",
              "code": "NASK",
              "display": "Not asked"
            }
          ]
        }
      }
    },
    {
      "fullUrl": "http://github.com/nightingaleproject/fhirDeathRecord/sdr/decedent/vs/DispositionTypeVS",
      "resource": {
        "resourceType": "ValueSet",
        "id": "sdr-decedent-DispositionTypeVS",
        "text": {
          "status": "generated",
          "div": "<div xmlns=\"http://www.w3.org/1999/xhtml\"><p>This value set contains 8 concepts</p><p style=\"border: black 1px dotted; background-color: #EEEEEE; padding: 8px\">Expansion based on http://hl7.org/fhir/v3/NullFlavor version 2016-11-11</p><table class=\"codes\"><tr><td style=\"white-space:nowrap\"><b>Code</b></td><td><b>System</b></td><td><b>Display</b></td><td><b>Definition</b></td></tr><tr><td style=\"white-space:nowrap\"><a name=\"http---snomed.info-sct-449951000124101\"> </a><a href=\"http://browser.ihtsdotools.org/?perspective=full&amp;conceptId1=449951000124101\">449951000124101</a></td><td>http://snomed.info/sct</td><td>Donation</td><td/></tr><tr><td style=\"white-space:nowrap\"><a name=\"http---snomed.info-sct-449971000124106\"> </a><a href=\"http://browser.ihtsdotools.org/?perspective=full&amp;conceptId1=449971000124106\">449971000124106</a></td><td>http://snomed.info/sct</td><td>Burial</td><td/></tr><tr><td style=\"white-space:nowrap\"><a name=\"http---snomed.info-sct-449961000124104\"> </a><a href=\"http://browser.ihtsdotools.org/?perspective=full&amp;conceptId1=449961000124104\">449961000124104</a></td><td>http://snomed.info/sct</td><td>Cremation</td><td/></tr><tr><td style=\"white-space:nowrap\"><a name=\"http---snomed.info-sct-449931000124108\"> </a><a href=\"http://browser.ihtsdotools.org/?perspective=full&amp;conceptId1=449931000124108\">449931000124108</a></td><td>http://snomed.info/sct</td><td>Entombment</td><td/></tr><tr><td style=\"white-space:nowrap\"><a name=\"http---snomed.info-sct-449941000124103\"> </a><a href=\"http://browser.ihtsdotools.org/?perspective=full&amp;conceptId1=449941000124103\">449941000124103</a></td><td>http://snomed.info/sct</td><td>Removal from state</td><td/></tr><tr><td style=\"white-space:nowrap\"><a name=\"http---snomed.info-sct-455401000124109\"> </a><a href=\"http://browser.ihtsdotools.org/?perspective=full&amp;conceptId1=455401000124109\">455401000124109</a></td><td>http://snomed.info/sct</td><td>Hospital Disposition</td><td/></tr><tr><td style=\"white-space:nowrap\"><a name=\"http---hl7.org-fhir-v3-NullFlavor-UNK\"> </a><a href=\"http://hl7.org/fhir/STU3/v3/NullFlavor/cs.html#v3-NullFlavor-UNK\">UNK</a></td><td>http://hl7.org/fhir/v3/NullFlavor</td><td>Unknown</td><td>Description:A proper value is applicable, but not known.\r\n\n                        \n                           Usage Notes: This means the actual value is not known.  If the only thing that is unknown is how to properly express the value in the necessary constraints (value set, datatype, etc.), then the OTH or UNC flavor should be used.  No properties should be included for a datatype with this property unless:\r\n\n                        \n                           Those properties themselves directly translate to a semantic of &quot;unknown&quot;.  (E.g. a local code sent as a translation that conveys 'unknown')\n                           Those properties further qualify the nature of what is unknown.  (E.g. specifying a use code of &quot;H&quot; and a URL prefix of &quot;tel:&quot; to convey that it is the home phone number that is unknown.)</td></tr><tr><td style=\"white-space:nowrap\"><a name=\"http---hl7.org-fhir-v3-NullFlavor-OTH\"> </a><a href=\"http://hl7.org/fhir/STU3/v3/NullFlavor/cs.html#v3-NullFlavor-OTH\">OTH</a></td><td>http://hl7.org/fhir/v3/NullFlavor</td><td>Other</td><td>Description:The actual value is not a member of the set of permitted data values in the constrained value domain of a variable. (e.g., concept not provided by required code system).\r\n\n                        \n                           Usage Notes: This flavor and its specializations are most commonly used with the CD datatype and its flavors.  However, it may apply to *any* datatype where the constraints of the type are tighter than can be conveyed.  For example, a PQ that is for a true measured amount whose units are not supported in UCUM, a need to convey a REAL when the type has been constrained to INT, etc.\r\n\n                        With coded datatypes, this null flavor may only be used if the vocabulary binding has a coding strength of CNE.  By definition, all local codes and original text are part of the value set if the coding strength is CWE.</td></tr></table></div>"
        },
        "url": "http://github.com/nightingaleproject/fhirDeathRecord/sdr/decedent/vs/DispositionTypeVS",
        "identifier": [
          {
            "system": "http://github.com/nightingaleproject/fhirDeathRecord",
            "value": "sdr.decedent.DispositionTypeVS"
          }
        ],
        "version": "0.1.0",
        "name": "DispositionTypeVS",
        "title": "SDR DispositionTypeVS ValueSet",
        "status": "draft",
        "date": "2018-04-19T00:00:00-04:00",
        "publisher": "The MITRE Corporation: Nightingale Project",
        "contact": [
          {
            "telecom": [
              {
                "system": "url",
                "value": "http://github.com/nightingaleproject/fhirDeathRecord"
              }
            ]
          }
        ],
        "description": "Method of disposition of decedent's remains. Corresponds to the allowed values for item 18 of the [U.S. Standard Certificate of Death](https://www.cdc.gov/nchs/data/dvs/DEATH11-03final-ACC.pdf).",
        "expansion": {
          "identifier": "urn:uuid:4dea5d18-8001-4b1a-9487-2e7493f56110",
          "timestamp": "2018-04-19T10:10:52-04:00",
          "total": 8,
          "parameter": [
            {
              "name": "profile",
              "valueUri": "http://hl7.org/fhir/ExpansionProfile/dc8fd4bc-091a-424a-8a3b-6198ef146891"
            },
            {
              "name": "expansion-profile",
              "valueString": "http://hl7.org/fhir/ExpansionProfile/dc8fd4bc-091a-424a-8a3b-6198ef146891"
            },
            {
              "name": "limitedExpansion",
              "valueBoolean": true
            },
            {
              "name": "version",
              "valueUri": "http://snomed.info/sct?version=http://snomed.info/sct/731000124108/version/20160901"
            },
            {
              "name": "version",
              "valueUri": "http://hl7.org/fhir/v3/NullFlavor|2016-11-11"
            }
          ],
          "contains": [
            {
              "system": "http://snomed.info/sct",
              "code": "449951000124101",
              "display": "Donation"
            },
            {
              "system": "http://snomed.info/sct",
              "code": "449971000124106",
              "display": "Burial"
            },
            {
              "system": "http://snomed.info/sct",
              "code": "449961000124104",
              "display": "Cremation"
            },
            {
              "system": "http://snomed.info/sct",
              "code": "449931000124108",
              "display": "Entombment"
            },
            {
              "system": "http://snomed.info/sct",
              "code": "449941000124103",
              "display": "Removal from state"
            },
            {
              "system": "http://snomed.info/sct",
              "code": "455401000124109",
              "display": "Hospital Disposition"
            },
            {
              "system": "http://hl7.org/fhir/v3/NullFlavor",
              "code": "UNK",
              "display": "Unknown"
            },
            {
              "system": "http://hl7.org/fhir/v3/NullFlavor",
              "code": "OTH",
              "display": "Other"
            }
          ]
        }
      }
    },
    {
      "fullUrl": "http://github.com/nightingaleproject/fhirDeathRecord/sdr/decedent/vs/EducationVS",
      "resource": {
        "resourceType": "ValueSet",
        "id": "sdr-decedent-EducationVS",
        "text": {
          "status": "generated",
          "div": "<div xmlns=\"http://www.w3.org/1999/xhtml\"><p>This value set contains 9 concepts</p><p style=\"border: black 1px dotted; background-color: #EEEEEE; padding: 8px\">Expansion based on http://hl7.org/fhir/v3/NullFlavor version 2016-11-11, http://github.com/nightingaleproject/fhirDeathRecord/sdr/decedent/cs/EducationCS version 0.1.0</p><table class=\"codes\"><tr><td style=\"white-space:nowrap\"><b>Code</b></td><td><b>System</b></td><td><b>Display</b></td><td><b>Definition</b></td></tr><tr><td style=\"white-space:nowrap\"><a name=\"http---github.com-nightingaleproject-fhirDeathRecord-sdr-decedent-cs-EducationCS-PHC1448\"> </a><a href=\"CodeSystem-sdr-decedent-EducationCS.html#sdr-decedent-EducationCS-PHC1448\">PHC1448</a></td><td>http://github.com/nightingaleproject/fhirDeathRecord/sdr/decedent/cs/EducationCS</td><td>8th grade or less</td><td>8th grade or less</td></tr><tr><td style=\"white-space:nowrap\"><a name=\"http---github.com-nightingaleproject-fhirDeathRecord-sdr-decedent-cs-EducationCS-PHC1449\"> </a><a href=\"CodeSystem-sdr-decedent-EducationCS.html#sdr-decedent-EducationCS-PHC1449\">PHC1449</a></td><td>http://github.com/nightingaleproject/fhirDeathRecord/sdr/decedent/cs/EducationCS</td><td>9th through 12th grade; no diploma</td><td>9th through 12th grade; no diploma</td></tr><tr><td style=\"white-space:nowrap\"><a name=\"http---github.com-nightingaleproject-fhirDeathRecord-sdr-decedent-cs-EducationCS-PHC1450\"> </a><a href=\"CodeSystem-sdr-decedent-EducationCS.html#sdr-decedent-EducationCS-PHC1450\">PHC1450</a></td><td>http://github.com/nightingaleproject/fhirDeathRecord/sdr/decedent/cs/EducationCS</td><td>High School Graduate or GED Completed</td><td>High School Graduate or GED Completed</td></tr><tr><td style=\"white-space:nowrap\"><a name=\"http---github.com-nightingaleproject-fhirDeathRecord-sdr-decedent-cs-EducationCS-PHC1451\"> </a><a href=\"CodeSystem-sdr-decedent-EducationCS.html#sdr-decedent-EducationCS-PHC1451\">PHC1451</a></td><td>http://github.com/nightingaleproject/fhirDeathRecord/sdr/decedent/cs/EducationCS</td><td>Some college credit, but no degree</td><td>Some college credit, but no degree</td></tr><tr><td style=\"white-space:nowrap\"><a name=\"http---github.com-nightingaleproject-fhirDeathRecord-sdr-decedent-cs-EducationCS-PHC1452\"> </a><a href=\"CodeSystem-sdr-decedent-EducationCS.html#sdr-decedent-EducationCS-PHC1452\">PHC1452</a></td><td>http://github.com/nightingaleproject/fhirDeathRecord/sdr/decedent/cs/EducationCS</td><td>Associate Degree</td><td>Associate Degree</td></tr><tr><td style=\"white-space:nowrap\"><a name=\"http---github.com-nightingaleproject-fhirDeathRecord-sdr-decedent-cs-EducationCS-PHC1453\"> </a><a href=\"CodeSystem-sdr-decedent-EducationCS.html#sdr-decedent-EducationCS-PHC1453\">PHC1453</a></td><td>http://github.com/nightingaleproject/fhirDeathRecord/sdr/decedent/cs/EducationCS</td><td>Bachelor's Degree</td><td>Bachelor's Degree</td></tr><tr><td style=\"white-space:nowrap\"><a name=\"http---github.com-nightingaleproject-fhirDeathRecord-sdr-decedent-cs-EducationCS-PHC1454\"> </a><a href=\"CodeSystem-sdr-decedent-EducationCS.html#sdr-decedent-EducationCS-PHC1454\">PHC1454</a></td><td>http://github.com/nightingaleproject/fhirDeathRecord/sdr/decedent/cs/EducationCS</td><td>Master's Degree</td><td>Master's Degree</td></tr><tr><td style=\"white-space:nowrap\"><a name=\"http---github.com-nightingaleproject-fhirDeathRecord-sdr-decedent-cs-EducationCS-PHC1455\"> </a><a href=\"CodeSystem-sdr-decedent-EducationCS.html#sdr-decedent-EducationCS-PHC1455\">PHC1455</a></td><td>http://github.com/nightingaleproject/fhirDeathRecord/sdr/decedent/cs/EducationCS</td><td>Doctorate Degree or Professional Degree</td><td>Doctorate Degree or Professional Degree</td></tr><tr><td style=\"white-space:nowrap\"><a name=\"http---hl7.org-fhir-v3-NullFlavor-UNK\"> </a><a href=\"http://hl7.org/fhir/STU3/v3/NullFlavor/cs.html#v3-NullFlavor-UNK\">UNK</a></td><td>http://hl7.org/fhir/v3/NullFlavor</td><td>Unknown</td><td>Description:A proper value is applicable, but not known.\r\n\n                        \n                           Usage Notes: This means the actual value is not known.  If the only thing that is unknown is how to properly express the value in the necessary constraints (value set, datatype, etc.), then the OTH or UNC flavor should be used.  No properties should be included for a datatype with this property unless:\r\n\n                        \n                           Those properties themselves directly translate to a semantic of &quot;unknown&quot;.  (E.g. a local code sent as a translation that conveys 'unknown')\n                           Those properties further qualify the nature of what is unknown.  (E.g. specifying a use code of &quot;H&quot; and a URL prefix of &quot;tel:&quot; to convey that it is the home phone number that is unknown.)</td></tr></table></div>"
        },
        "url": "http://github.com/nightingaleproject/fhirDeathRecord/sdr/decedent/vs/EducationVS",
        "identifier": [
          {
            "system": "http://github.com/nightingaleproject/fhirDeathRecord",
            "value": "sdr.decedent.EducationVS"
          }
        ],
        "version": "0.1.0",
        "name": "EducationVS",
        "title": "SDR EducationVS ValueSet",
        "status": "draft",
        "date": "2018-04-19T00:00:00-04:00",
        "publisher": "The MITRE Corporation: Nightingale Project",
        "contact": [
          {
            "telecom": [
              {
                "system": "url",
                "value": "http://github.com/nightingaleproject/fhirDeathRecord"
              }
            ]
          }
        ],
        "description": "Decedent's education. Corresponds to the allowed values for item 51 of the [U.S. Standard Certificate of Death](https://www.cdc.gov/nchs/data/dvs/DEATH11-03final-ACC.pdf). Most of the codes in this value set belong to the [PHIN VS code system](http://phinvads.cdc.gov/vads/ViewCodeSystem.action?id=2.16.840.1.114222.4.5.274) but this is not currently supported as a [standard FHIR code system](https://www.hl7.org/fhir/terminologies-systems.html).",
        "expansion": {
          "identifier": "urn:uuid:d6ecd722-5954-4b6e-a86e-f5787d4954a9",
          "timestamp": "2018-04-19T10:10:52-04:00",
          "total": 9,
          "parameter": [
            {
              "name": "profile",
              "valueUri": "http://hl7.org/fhir/ExpansionProfile/dc8fd4bc-091a-424a-8a3b-6198ef146891"
            },
            {
              "name": "version",
              "valueUri": "http://github.com/nightingaleproject/fhirDeathRecord/sdr/decedent/cs/EducationCS|0.1.0"
            },
            {
              "name": "version",
              "valueUri": "http://hl7.org/fhir/v3/NullFlavor|2016-11-11"
            }
          ],
          "contains": [
            {
              "system": "http://github.com/nightingaleproject/fhirDeathRecord/sdr/decedent/cs/EducationCS",
              "code": "PHC1448",
              "display": "8th grade or less"
            },
            {
              "system": "http://github.com/nightingaleproject/fhirDeathRecord/sdr/decedent/cs/EducationCS",
              "code": "PHC1449",
              "display": "9th through 12th grade; no diploma"
            },
            {
              "system": "http://github.com/nightingaleproject/fhirDeathRecord/sdr/decedent/cs/EducationCS",
              "code": "PHC1450",
              "display": "High School Graduate or GED Completed"
            },
            {
              "system": "http://github.com/nightingaleproject/fhirDeathRecord/sdr/decedent/cs/EducationCS",
              "code": "PHC1451",
              "display": "Some college credit, but no degree"
            },
            {
              "system": "http://github.com/nightingaleproject/fhirDeathRecord/sdr/decedent/cs/EducationCS",
              "code": "PHC1452",
              "display": "Associate Degree"
            },
            {
              "system": "http://github.com/nightingaleproject/fhirDeathRecord/sdr/decedent/cs/EducationCS",
              "code": "PHC1453",
              "display": "Bachelor's Degree"
            },
            {
              "system": "http://github.com/nightingaleproject/fhirDeathRecord/sdr/decedent/cs/EducationCS",
              "code": "PHC1454",
              "display": "Master's Degree"
            },
            {
              "system": "http://github.com/nightingaleproject/fhirDeathRecord/sdr/decedent/cs/EducationCS",
              "code": "PHC1455",
              "display": "Doctorate Degree or Professional Degree"
            },
            {
              "system": "http://hl7.org/fhir/v3/NullFlavor",
              "code": "UNK",
              "display": "Unknown"
            }
          ]
        }
      }
    },
    {
      "fullUrl": "http://github.com/nightingaleproject/fhirDeathRecord/sdr/causeOfDeath/vs/MannerOfDeathVS",
      "resource": {
        "resourceType": "ValueSet",
        "id": "sdr-causeOfDeath-MannerOfDeathVS",
        "text": {
          "status": "generated",
          "div": "<div xmlns=\"http://www.w3.org/1999/xhtml\"><p>This value set contains 6 concepts</p><p>All codes from system <a href=\"http://hl7.org/fhir/STU3/codesystem-snomedct.html\"><code>http://snomed.info/sct</code></a></p><table class=\"codes\"><tr><td style=\"white-space:nowrap\"><b>Code</b></td><td><b>Display</b></td><td><b>Definition</b></td></tr><tr><td style=\"white-space:nowrap\"><a name=\"http---snomed.info-sct-38605008\"> </a><a href=\"http://browser.ihtsdotools.org/?perspective=full&amp;conceptId1=38605008\">38605008</a></td><td>Natural</td><td/></tr><tr><td style=\"white-space:nowrap\"><a name=\"http---snomed.info-sct-7878000\"> </a><a href=\"http://browser.ihtsdotools.org/?perspective=full&amp;conceptId1=7878000\">7878000</a></td><td>Accident</td><td/></tr><tr><td style=\"white-space:nowrap\"><a name=\"http---snomed.info-sct-44301001\"> </a><a href=\"http://browser.ihtsdotools.org/?perspective=full&amp;conceptId1=44301001\">44301001</a></td><td>Suicide</td><td/></tr><tr><td style=\"white-space:nowrap\"><a name=\"http---snomed.info-sct-27935005\"> </a><a href=\"http://browser.ihtsdotools.org/?perspective=full&amp;conceptId1=27935005\">27935005</a></td><td>Homicide</td><td/></tr><tr><td style=\"white-space:nowrap\"><a name=\"http---snomed.info-sct-185973002\"> </a><a href=\"http://browser.ihtsdotools.org/?perspective=full&amp;conceptId1=185973002\">185973002</a></td><td>Pending Investigation</td><td/></tr><tr><td style=\"white-space:nowrap\"><a name=\"http---snomed.info-sct-65037004\"> </a><a href=\"http://browser.ihtsdotools.org/?perspective=full&amp;conceptId1=65037004\">65037004</a></td><td>Could not be determined</td><td/></tr></table></div>"
        },
        "url": "http://github.com/nightingaleproject/fhirDeathRecord/sdr/causeOfDeath/vs/MannerOfDeathVS",
        "identifier": [
          {
            "system": "http://github.com/nightingaleproject/fhirDeathRecord",
            "value": "sdr.causeOfDeath.MannerOfDeathVS"
          }
        ],
        "version": "0.1.0",
        "name": "MannerOfDeathVS",
        "title": "SDR MannerOfDeathVS ValueSet",
        "status": "draft",
        "date": "2018-04-19T00:00:00-04:00",
        "publisher": "The MITRE Corporation: Nightingale Project",
        "contact": [
          {
            "telecom": [
              {
                "system": "url",
                "value": "http://github.com/nightingaleproject/fhirDeathRecord"
              }
            ]
          }
        ],
        "description": "Manner of death. Corresponds to the allowed values for item 37 of the [U.S. Standard Certificate of Death](https://www.cdc.gov/nchs/data/dvs/DEATH11-03final-ACC.pdf).",
        "expansion": {
          "identifier": "urn:uuid:7cd271e8-1b93-493d-80db-7e28208be088",
          "timestamp": "2018-04-19T10:10:52-04:00",
          "total": 6,
          "parameter": [
            {
              "name": "profile",
              "valueUri": "http://hl7.org/fhir/ExpansionProfile/dc8fd4bc-091a-424a-8a3b-6198ef146891"
            },
            {
              "name": "expansion-profile",
              "valueString": "http://hl7.org/fhir/ExpansionProfile/dc8fd4bc-091a-424a-8a3b-6198ef146891"
            },
            {
              "name": "limitedExpansion",
              "valueBoolean": true
            },
            {
              "name": "version",
              "valueUri": "http://snomed.info/sct?version=http://snomed.info/sct/731000124108/version/20160901"
            }
          ],
          "contains": [
            {
              "system": "http://snomed.info/sct",
              "code": "38605008",
              "display": "Natural"
            },
            {
              "system": "http://snomed.info/sct",
              "code": "7878000",
              "display": "Accident"
            },
            {
              "system": "http://snomed.info/sct",
              "code": "44301001",
              "display": "Suicide"
            },
            {
              "system": "http://snomed.info/sct",
              "code": "27935005",
              "display": "Homicide"
            },
            {
              "system": "http://snomed.info/sct",
              "code": "185973002",
              "display": "Pending Investigation"
            },
            {
              "system": "http://snomed.info/sct",
              "code": "65037004",
              "display": "Could not be determined"
            }
          ]
        }
      }
    },
    {
      "fullUrl": "http://github.com/nightingaleproject/fhirDeathRecord/sdr/decedent/vs/PlaceOfDeathTypeVS",
      "resource": {
        "resourceType": "ValueSet",
        "id": "sdr-decedent-PlaceOfDeathTypeVS",
        "text": {
          "status": "generated",
          "div": "<div xmlns=\"http://www.w3.org/1999/xhtml\"><p>This value set contains 8 concepts</p><p style=\"border: black 1px dotted; background-color: #EEEEEE; padding: 8px\">Expansion based on http://hl7.org/fhir/v3/NullFlavor version 2016-11-11</p><table class=\"codes\"><tr><td style=\"white-space:nowrap\"><b>Code</b></td><td><b>System</b></td><td><b>Display</b></td><td><b>Definition</b></td></tr><tr><td style=\"white-space:nowrap\"><a name=\"http---snomed.info-sct-63238001\"> </a><a href=\"http://browser.ihtsdotools.org/?perspective=full&amp;conceptId1=63238001\">63238001</a></td><td>http://snomed.info/sct</td><td>Dead on arrival at hospital</td><td/></tr><tr><td style=\"white-space:nowrap\"><a name=\"http---snomed.info-sct-440081000124100\"> </a><a href=\"http://browser.ihtsdotools.org/?perspective=full&amp;conceptId1=440081000124100\">440081000124100</a></td><td>http://snomed.info/sct</td><td>Death in home</td><td/></tr><tr><td style=\"white-space:nowrap\"><a name=\"http---snomed.info-sct-440071000124103\"> </a><a href=\"http://browser.ihtsdotools.org/?perspective=full&amp;conceptId1=440071000124103\">440071000124103</a></td><td>http://snomed.info/sct</td><td>Death in hospice</td><td/></tr><tr><td style=\"white-space:nowrap\"><a name=\"http---snomed.info-sct-16983000\"> </a><a href=\"http://browser.ihtsdotools.org/?perspective=full&amp;conceptId1=16983000\">16983000</a></td><td>http://snomed.info/sct</td><td>Death in hospital</td><td/></tr><tr><td style=\"white-space:nowrap\"><a name=\"http---snomed.info-sct-450391000124102\"> </a><a href=\"http://browser.ihtsdotools.org/?perspective=full&amp;conceptId1=450391000124102\">450391000124102</a></td><td>http://snomed.info/sct</td><td>Death in hospital-based emergency department or outpatient department</td><td/></tr><tr><td style=\"white-space:nowrap\"><a name=\"http---snomed.info-sct-450381000124100\"> </a><a href=\"http://browser.ihtsdotools.org/?perspective=full&amp;conceptId1=450381000124100\">450381000124100</a></td><td>http://snomed.info/sct</td><td>Death in nursing home or long term care facility</td><td/></tr><tr><td style=\"white-space:nowrap\"><a name=\"http---hl7.org-fhir-v3-NullFlavor-UNK\"> </a><a href=\"http://hl7.org/fhir/STU3/v3/NullFlavor/cs.html#v3-NullFlavor-UNK\">UNK</a></td><td>http://hl7.org/fhir/v3/NullFlavor</td><td>Unknown</td><td>Description:A proper value is applicable, but not known.\r\n\n                        \n                           Usage Notes: This means the actual value is not known.  If the only thing that is unknown is how to properly express the value in the necessary constraints (value set, datatype, etc.), then the OTH or UNC flavor should be used.  No properties should be included for a datatype with this property unless:\r\n\n                        \n                           Those properties themselves directly translate to a semantic of &quot;unknown&quot;.  (E.g. a local code sent as a translation that conveys 'unknown')\n                           Those properties further qualify the nature of what is unknown.  (E.g. specifying a use code of &quot;H&quot; and a URL prefix of &quot;tel:&quot; to convey that it is the home phone number that is unknown.)</td></tr><tr><td style=\"white-space:nowrap\"><a name=\"http---hl7.org-fhir-v3-NullFlavor-OTH\"> </a><a href=\"http://hl7.org/fhir/STU3/v3/NullFlavor/cs.html#v3-NullFlavor-OTH\">OTH</a></td><td>http://hl7.org/fhir/v3/NullFlavor</td><td>Other</td><td>Description:The actual value is not a member of the set of permitted data values in the constrained value domain of a variable. (e.g., concept not provided by required code system).\r\n\n                        \n                           Usage Notes: This flavor and its specializations are most commonly used with the CD datatype and its flavors.  However, it may apply to *any* datatype where the constraints of the type are tighter than can be conveyed.  For example, a PQ that is for a true measured amount whose units are not supported in UCUM, a need to convey a REAL when the type has been constrained to INT, etc.\r\n\n                        With coded datatypes, this null flavor may only be used if the vocabulary binding has a coding strength of CNE.  By definition, all local codes and original text are part of the value set if the coding strength is CWE.</td></tr></table></div>"
        },
        "url": "http://github.com/nightingaleproject/fhirDeathRecord/sdr/decedent/vs/PlaceOfDeathTypeVS",
        "identifier": [
          {
            "system": "http://github.com/nightingaleproject/fhirDeathRecord",
            "value": "sdr.decedent.PlaceOfDeathTypeVS"
          }
        ],
        "version": "0.1.0",
        "name": "PlaceOfDeathTypeVS",
        "title": "SDR PlaceOfDeathTypeVS ValueSet",
        "status": "draft",
        "date": "2018-04-19T00:00:00-04:00",
        "publisher": "The MITRE Corporation: Nightingale Project",
        "contact": [
          {
            "telecom": [
              {
                "system": "url",
                "value": "http://github.com/nightingaleproject/fhirDeathRecord"
              }
            ]
          }
        ],
        "description": "Place of decedent's demise. Corresponds to the allowed values for item 14 of the [U.S. Standard Certificate of Death](https://www.cdc.gov/nchs/data/dvs/DEATH11-03final-ACC.pdf).",
        "expansion": {
          "identifier": "urn:uuid:df95e39a-838a-4f2f-9277-3be4624cd010",
          "timestamp": "2018-04-19T10:10:53-04:00",
          "total": 8,
          "parameter": [
            {
              "name": "profile",
              "valueUri": "http://hl7.org/fhir/ExpansionProfile/dc8fd4bc-091a-424a-8a3b-6198ef146891"
            },
            {
              "name": "expansion-profile",
              "valueString": "http://hl7.org/fhir/ExpansionProfile/dc8fd4bc-091a-424a-8a3b-6198ef146891"
            },
            {
              "name": "limitedExpansion",
              "valueBoolean": true
            },
            {
              "name": "version",
              "valueUri": "http://snomed.info/sct?version=http://snomed.info/sct/731000124108/version/20160901"
            },
            {
              "name": "version",
              "valueUri": "http://hl7.org/fhir/v3/NullFlavor|2016-11-11"
            }
          ],
          "contains": [
            {
              "system": "http://snomed.info/sct",
              "code": "63238001",
              "display": "Dead on arrival at hospital"
            },
            {
              "system": "http://snomed.info/sct",
              "code": "440081000124100",
              "display": "Death in home"
            },
            {
              "system": "http://snomed.info/sct",
              "code": "440071000124103",
              "display": "Death in hospice"
            },
            {
              "system": "http://snomed.info/sct",
              "code": "16983000",
              "display": "Death in hospital"
            },
            {
              "system": "http://snomed.info/sct",
              "code": "450391000124102",
              "display": "Death in hospital-based emergency department or outpatient department"
            },
            {
              "system": "http://snomed.info/sct",
              "code": "450381000124100",
              "display": "Death in nursing home or long term care facility"
            },
            {
              "system": "http://hl7.org/fhir/v3/NullFlavor",
              "code": "UNK",
              "display": "Unknown"
            },
            {
              "system": "http://hl7.org/fhir/v3/NullFlavor",
              "code": "OTH",
              "display": "Other"
            }
          ]
        }
      }
    },
    {
      "fullUrl": "http://github.com/nightingaleproject/fhirDeathRecord/sdr/causeOfDeath/vs/PregnancyStatusVS",
      "resource": {
        "resourceType": "ValueSet",
        "id": "sdr-causeOfDeath-PregnancyStatusVS",
        "text": {
          "status": "generated",
          "div": "<div xmlns=\"http://www.w3.org/1999/xhtml\"><p>This value set contains 6 concepts</p><p style=\"border: black 1px dotted; background-color: #EEEEEE; padding: 8px\">Expansion based on http://hl7.org/fhir/v3/NullFlavor version 2016-11-11, http://github.com/nightingaleproject/fhirDeathRecord/sdr/causeOfDeath/cs/PregnancyStatusCS version 0.1.0</p><table class=\"codes\"><tr><td style=\"white-space:nowrap\"><b>Code</b></td><td><b>System</b></td><td><b>Display</b></td><td><b>Definition</b></td></tr><tr><td style=\"white-space:nowrap\"><a name=\"http---github.com-nightingaleproject-fhirDeathRecord-sdr-causeOfDeath-cs-PregnancyStatusCS-PHC1260\"> </a><a href=\"CodeSystem-sdr-causeOfDeath-PregnancyStatusCS.html#sdr-causeOfDeath-PregnancyStatusCS-PHC1260\">PHC1260</a></td><td>http://github.com/nightingaleproject/fhirDeathRecord/sdr/causeOfDeath/cs/PregnancyStatusCS</td><td>Not pregnant within past year</td><td>Not pregnant within past year</td></tr><tr><td style=\"white-space:nowrap\"><a name=\"http---github.com-nightingaleproject-fhirDeathRecord-sdr-causeOfDeath-cs-PregnancyStatusCS-PHC1261\"> </a><a href=\"CodeSystem-sdr-causeOfDeath-PregnancyStatusCS.html#sdr-causeOfDeath-PregnancyStatusCS-PHC1261\">PHC1261</a></td><td>http://github.com/nightingaleproject/fhirDeathRecord/sdr/causeOfDeath/cs/PregnancyStatusCS</td><td>Pregnant at time of death</td><td>Pregnant at time of death</td></tr><tr><td style=\"white-space:nowrap\"><a name=\"http---github.com-nightingaleproject-fhirDeathRecord-sdr-causeOfDeath-cs-PregnancyStatusCS-PHC1262\"> </a><a href=\"CodeSystem-sdr-causeOfDeath-PregnancyStatusCS.html#sdr-causeOfDeath-PregnancyStatusCS-PHC1262\">PHC1262</a></td><td>http://github.com/nightingaleproject/fhirDeathRecord/sdr/causeOfDeath/cs/PregnancyStatusCS</td><td>Not pregnant, but pregnant within 42 days of death</td><td>Not pregnant, but pregnant within 42 days of death</td></tr><tr><td style=\"white-space:nowrap\"><a name=\"http---github.com-nightingaleproject-fhirDeathRecord-sdr-causeOfDeath-cs-PregnancyStatusCS-PHC1263\"> </a><a href=\"CodeSystem-sdr-causeOfDeath-PregnancyStatusCS.html#sdr-causeOfDeath-PregnancyStatusCS-PHC1263\">PHC1263</a></td><td>http://github.com/nightingaleproject/fhirDeathRecord/sdr/causeOfDeath/cs/PregnancyStatusCS</td><td>Not pregnant, but pregnant 43 days to 1 year before death</td><td>Not pregnant, but pregnant 43 days to 1 year before death</td></tr><tr><td style=\"white-space:nowrap\"><a name=\"http---github.com-nightingaleproject-fhirDeathRecord-sdr-causeOfDeath-cs-PregnancyStatusCS-PHC1264\"> </a><a href=\"CodeSystem-sdr-causeOfDeath-PregnancyStatusCS.html#sdr-causeOfDeath-PregnancyStatusCS-PHC1264\">PHC1264</a></td><td>http://github.com/nightingaleproject/fhirDeathRecord/sdr/causeOfDeath/cs/PregnancyStatusCS</td><td>Unknown if pregnant within the past year</td><td>Unknown if pregnant within the past year</td></tr><tr><td style=\"white-space:nowrap\"><a name=\"http---hl7.org-fhir-v3-NullFlavor-NA\"> </a><a href=\"http://hl7.org/fhir/STU3/v3/NullFlavor/cs.html#v3-NullFlavor-NA\">NA</a></td><td>http://hl7.org/fhir/v3/NullFlavor</td><td>Not applicable</td><td>Known to have no proper value (e.g., last menstrual period for a male).</td></tr></table></div>"
        },
        "url": "http://github.com/nightingaleproject/fhirDeathRecord/sdr/causeOfDeath/vs/PregnancyStatusVS",
        "identifier": [
          {
            "system": "http://github.com/nightingaleproject/fhirDeathRecord",
            "value": "sdr.causeOfDeath.PregnancyStatusVS"
          }
        ],
        "version": "0.1.0",
        "name": "PregnancyStatusVS",
        "title": "SDR PregnancyStatusVS ValueSet",
        "status": "draft",
        "date": "2018-04-19T00:00:00-04:00",
        "publisher": "The MITRE Corporation: Nightingale Project",
        "contact": [
          {
            "telecom": [
              {
                "system": "url",
                "value": "http://github.com/nightingaleproject/fhirDeathRecord"
              }
            ]
          }
        ],
        "description": "Whether the decedent was pregnant at or around the time of death. Corresponds to the allowed values for item 36 of the [U.S. Standard Certificate of Death](https://www.cdc.gov/nchs/data/dvs/DEATH11-03final-ACC.pdf). Most of the codes in this value set belong to the [PHIN VS code system](http://phinvads.cdc.gov/vads/ViewCodeSystem.action?id=2.16.840.1.114222.4.5.274) but this is not currently supported as a [standard FHIR code system](https://www.hl7.org/fhir/terminologies-systems.html).",
        "expansion": {
          "identifier": "urn:uuid:3424b2ba-c03d-49fd-81de-42fa8d42e6a3",
          "timestamp": "2018-04-19T10:10:53-04:00",
          "total": 6,
          "parameter": [
            {
              "name": "profile",
              "valueUri": "http://hl7.org/fhir/ExpansionProfile/dc8fd4bc-091a-424a-8a3b-6198ef146891"
            },
            {
              "name": "version",
              "valueUri": "http://github.com/nightingaleproject/fhirDeathRecord/sdr/causeOfDeath/cs/PregnancyStatusCS|0.1.0"
            },
            {
              "name": "version",
              "valueUri": "http://hl7.org/fhir/v3/NullFlavor|2016-11-11"
            }
          ],
          "contains": [
            {
              "system": "http://github.com/nightingaleproject/fhirDeathRecord/sdr/causeOfDeath/cs/PregnancyStatusCS",
              "code": "PHC1260",
              "display": "Not pregnant within past year"
            },
            {
              "system": "http://github.com/nightingaleproject/fhirDeathRecord/sdr/causeOfDeath/cs/PregnancyStatusCS",
              "code": "PHC1261",
              "display": "Pregnant at time of death"
            },
            {
              "system": "http://github.com/nightingaleproject/fhirDeathRecord/sdr/causeOfDeath/cs/PregnancyStatusCS",
              "code": "PHC1262",
              "display": "Not pregnant, but pregnant within 42 days of death"
            },
            {
              "system": "http://github.com/nightingaleproject/fhirDeathRecord/sdr/causeOfDeath/cs/PregnancyStatusCS",
              "code": "PHC1263",
              "display": "Not pregnant, but pregnant 43 days to 1 year before death"
            },
            {
              "system": "http://github.com/nightingaleproject/fhirDeathRecord/sdr/causeOfDeath/cs/PregnancyStatusCS",
              "code": "PHC1264",
              "display": "Unknown if pregnant within the past year"
            },
            {
              "system": "http://hl7.org/fhir/v3/NullFlavor",
              "code": "NA",
              "display": "Not applicable"
            }
          ]
        }
      }
    },
    {
      "fullUrl": "http://github.com/nightingaleproject/fhirDeathRecord/sdr/causeOfDeath/vs/TransportRelationshipsVS",
      "resource": {
        "resourceType": "ValueSet",
        "id": "sdr-causeOfDeath-TransportRelationshipsVS",
        "text": {
          "status": "generated",
          "div": "<div xmlns=\"http://www.w3.org/1999/xhtml\"><p>This value set contains 4 concepts</p><p style=\"border: black 1px dotted; background-color: #EEEEEE; padding: 8px\">Expansion based on http://hl7.org/fhir/v3/NullFlavor version 2016-11-11</p><table class=\"codes\"><tr><td style=\"white-space:nowrap\"><b>Code</b></td><td><b>System</b></td><td><b>Display</b></td><td><b>Definition</b></td></tr><tr><td style=\"white-space:nowrap\"><a name=\"http---snomed.info-sct-236320001\"> </a><a href=\"http://browser.ihtsdotools.org/?perspective=full&amp;conceptId1=236320001\">236320001</a></td><td>http://snomed.info/sct</td><td>Vehicle driver</td><td/></tr><tr><td style=\"white-space:nowrap\"><a name=\"http---snomed.info-sct-257500003\"> </a><a href=\"http://browser.ihtsdotools.org/?perspective=full&amp;conceptId1=257500003\">257500003</a></td><td>http://snomed.info/sct</td><td>Passenger</td><td/></tr><tr><td style=\"white-space:nowrap\"><a name=\"http---snomed.info-sct-257518000\"> </a><a href=\"http://browser.ihtsdotools.org/?perspective=full&amp;conceptId1=257518000\">257518000</a></td><td>http://snomed.info/sct</td><td>Pedestrian</td><td/></tr><tr><td style=\"white-space:nowrap\"><a name=\"http---hl7.org-fhir-v3-NullFlavor-OTH\"> </a><a href=\"http://hl7.org/fhir/STU3/v3/NullFlavor/cs.html#v3-NullFlavor-OTH\">OTH</a></td><td>http://hl7.org/fhir/v3/NullFlavor</td><td>Other</td><td>Description:The actual value is not a member of the set of permitted data values in the constrained value domain of a variable. (e.g., concept not provided by required code system).\r\n\n                        \n                           Usage Notes: This flavor and its specializations are most commonly used with the CD datatype and its flavors.  However, it may apply to *any* datatype where the constraints of the type are tighter than can be conveyed.  For example, a PQ that is for a true measured amount whose units are not supported in UCUM, a need to convey a REAL when the type has been constrained to INT, etc.\r\n\n                        With coded datatypes, this null flavor may only be used if the vocabulary binding has a coding strength of CNE.  By definition, all local codes and original text are part of the value set if the coding strength is CWE.</td></tr></table></div>"
        },
        "url": "http://github.com/nightingaleproject/fhirDeathRecord/sdr/causeOfDeath/vs/TransportRelationshipsVS",
        "identifier": [
          {
            "system": "http://github.com/nightingaleproject/fhirDeathRecord",
            "value": "sdr.causeOfDeath.TransportRelationshipsVS"
          }
        ],
        "version": "0.1.0",
        "name": "TransportRelationshipsVS",
        "title": "SDR TransportRelationshipsVS ValueSet",
        "status": "draft",
        "date": "2018-04-19T00:00:00-04:00",
        "publisher": "The MITRE Corporation: Nightingale Project",
        "contact": [
          {
            "telecom": [
              {
                "system": "url",
                "value": "http://github.com/nightingaleproject/fhirDeathRecord"
              }
            ]
          }
        ],
        "description": "Transportation Relationships (NCHS). Corresponds to the allowed values for item 44 of the [U.S. Standard Certificate of Death](https://www.cdc.gov/nchs/data/dvs/DEATH11-03final-ACC.pdf).",
        "expansion": {
          "identifier": "urn:uuid:1ed16fb0-fa51-49df-aaab-a474ebdaa727",
          "timestamp": "2018-04-19T10:10:54-04:00",
          "total": 4,
          "parameter": [
            {
              "name": "profile",
              "valueUri": "http://hl7.org/fhir/ExpansionProfile/dc8fd4bc-091a-424a-8a3b-6198ef146891"
            },
            {
              "name": "expansion-profile",
              "valueString": "http://hl7.org/fhir/ExpansionProfile/dc8fd4bc-091a-424a-8a3b-6198ef146891"
            },
            {
              "name": "limitedExpansion",
              "valueBoolean": true
            },
            {
              "name": "version",
              "valueUri": "http://snomed.info/sct?version=http://snomed.info/sct/731000124108/version/20160901"
            },
            {
              "name": "version",
              "valueUri": "http://hl7.org/fhir/v3/NullFlavor|2016-11-11"
            }
          ],
          "contains": [
            {
              "system": "http://snomed.info/sct",
              "code": "236320001",
              "display": "Vehicle driver"
            },
            {
              "system": "http://snomed.info/sct",
              "code": "257500003",
              "display": "Passenger"
            },
            {
              "system": "http://snomed.info/sct",
              "code": "257518000",
              "display": "Pedestrian"
            },
            {
              "system": "http://hl7.org/fhir/v3/NullFlavor",
              "code": "OTH",
              "display": "Other"
            }
          ]
        }
      }
    }
  ]
}