<?xml version="1.0" encoding="UTF-8"?>

<Observation xmlns="http://hl7.org/fhir">
  <id value="AutopsyResultsAvailable"/>
  <meta>
    <profile value="http://nightingaleproject.github.io/fhirDeathRecord/StructureDefinition/sdr-causeOfDeath-AutopsyResultsAvailable"/>
  </meta>
  <text>
    <status value="generated"/><div xmlns="http://www.w3.org/1999/xhtml"><p><b>Generated Narrative with Details</b></p><p><b>id</b>: AutopsyResultsAvailable</p><p><b>meta</b>: </p><p><b>status</b>: final</p><p><b>code</b>: Autopsy results available <span style="background: LightGoldenRodYellow">(Details : {LOINC code '69436-4' = 'Autopsy results available', given as 'Autopsy results available'})</span></p><p><b>subject</b>: <a href="Patient-Decedent.html">Generated Summary: id: Decedent; Social Beneficiary Identifier = 123-45-6789 (OFFICIAL); John L. Palmer(OFFICIAL); gender: male; birthDate: Apr 23, 1911; deceased</a></p><p><b>value</b>: false</p></div>
  </text>
  <status value="final"/>
  <code>
    <coding>
      <system value="http://loinc.org"/>
      <code value="69436-4"/>
      <display value="Autopsy results available"/>
    </coding>
  </code>
  <subject>
    <reference value="Patient/Decedent"/>
  </subject>
  <valueBoolean value="false"/>
</Observation>