<?xml version="1.0" encoding="UTF-8"?>

<Observation xmlns="http://hl7.org/fhir">
  <id value="AutopsyPerformed"/>
  <meta>
    <profile value="http://nightingaleproject.github.io/fhirDeathRecord/StructureDefinition/sdr-causeOfDeath-AutopsyPerformed"/>
  </meta>
  <text>
    <status value="generated"/><div xmlns="http://www.w3.org/1999/xhtml"><p><b>Generated Narrative with Details</b></p><p><b>id</b>: AutopsyPerformed</p><p><b>meta</b>: </p><p><b>status</b>: final</p><p><b>code</b>: Autopsy was performed <span style="background: LightGoldenRodYellow">(Details : {LOINC code '85699-7' = '85699-7', given as 'Autopsy was performed'})</span></p><p><b>subject</b>: <a href="Patient-Decedent.html">Amy Shaw. Generated Summary: id: Decedent; Medical record number = 01010101 (SECONDARY), Social Beneficiary Identifier = 123-45-6789 (OFFICIAL); John L. Palmer(OFFICIAL); gender: male; birthDate: Apr 23, 1911; deceased</a></p><p><b>value</b>: false</p></div>
  </text>
  <status value="final"/>
  <code>
    <coding>
      <system value="http://loinc.org"/>
      <code value="85699-7"/>
      <display value="Autopsy was performed"/>
    </coding>
  </code>
  <subject>
    <reference value="Patient/Decedent"/>
    <display value="Amy Shaw"/>
  </subject>
  <valueBoolean value="false"/>
</Observation>