<?xml version="1.0" encoding="UTF-8"?>

<Observation xmlns="http://hl7.org/fhir">
  <id value="TobaccoUseContributedToDeath"/>
  <meta>
    <profile value="http://nightingaleproject.github.io/fhirDeathRecord/StructureDefinition/sdr-causeOfDeath-TobaccoUseContributedToDeath"/>
  </meta>
  <text>
    <status value="generated"/><div xmlns="http://www.w3.org/1999/xhtml"><p><b>Generated Narrative with Details</b></p><p><b>id</b>: TobaccoUseContributedToDeath</p><p><b>meta</b>: </p><p><b>status</b>: final</p><p><b>code</b>: Did tobacco use contribute to death <span style="background: LightGoldenRodYellow">(Details : {LOINC code '69443-0' = 'Did tobacco use contribute to death', given as 'Did tobacco use contribute to death'})</span></p><p><b>subject</b>: <a href="Patient/Decedent">Patient/Decedent</a></p><p><b>value</b>: Unknown <span style="background: LightGoldenRodYellow">(Details : {http://hl7.org/fhir/v3/NullFlavor code 'UNK' = 'unknown', given as 'Unknown'})</span></p></div>
  </text>
  <status value="final"/>
  <code>
    <coding>
      <system value="http://loinc.org"/>
      <code value="69443-0"/>
      <display value="Did tobacco use contribute to death"/>
    </coding>
  </code>
  <subject>
    <reference value="Patient/Decedent"/>
  </subject>
  <valueCodeableConcept>
    <coding>
      <system value="http://hl7.org/fhir/v3/NullFlavor"/>
      <code value="UNK"/>
      <display value="Unknown"/>
    </coding>
  </valueCodeableConcept>
</Observation>