<?xml version="1.0" encoding="UTF-8"?>

<StructureDefinition xmlns="http://hl7.org/fhir">
  <id value="sdr-deathRecord-Informant-extension"/>
  <text>
    <status value="generated"/><div xmlns="http://www.w3.org/1999/xhtml">
  <p><b>SDR Informant Extension</b></p>
  <p>The decedent's informant</p>
</div>
  </text>
  <url value="http://nightingaleproject.github.io/fhirDeathRecord/StructureDefinition/sdr-deathRecord-Informant-extension"/>
  <identifier>
    <system value="http://github.com/nightingaleproject/fhirDeathRecord"/>
    <value value="sdr.deathRecord.Informant"/>
  </identifier>
  <version value="0.0.1"/>
  <name value="SDR Informant Extension"/>
  <title value="SDR Informant Extension"/>
  <status value="draft"/>
  <date value="2018-03-15"/>
  <publisher value="The MITRE Corporation: Nightingale Project"/>
  <contact>
    <telecom>
      <system value="url"/>
      <value value="http://github.com/nightingaleproject/fhirDeathRecord"/>
    </telecom>
  </contact>
  <description value="The decedent&#39;s informant"/>
  <fhirVersion value="3.0.1"/>
  <kind value="complex-type"/>
  <abstract value="false"/>
  <contextType value="resource"/>
  <context value="*"/>
  <type value="Extension"/>
  <baseDefinition value="http://hl7.org/fhir/StructureDefinition/Extension"/>
  <derivation value="constraint"/>
  <snapshot>
    <element id="Extension:informant">
      <path value="Extension"/>
      <short value="SDR Informant Extension"/>
      <definition value="The decedent&#39;s informant"/>
      <min value="0"/>
      <max value="*"/>
      <base>
        <path value="Extension"/>
        <min value="0"/>
        <max value="1"/>
      </base>
      <condition value="ele-1"/>
      <constraint>
        <key value="ele-1"/>
        <severity value="error"/>
        <human value="All FHIR elements must have a @value or children"/>
        <expression value="children().count() &gt; id.count()"/>
        <xpath value="@value|f:*|h:div"/>
        <source value="Element"/>
      </constraint>
      <constraint>
        <key value="ext-1"/>
        <severity value="error"/>
        <human value="Must have either extensions or value[x], not both"/>
        <expression value="extension.exists() != value.exists()"/>
        <xpath value="exists(f:extension)!=exists(f:*[starts-with(local-name(.), &#39;value&#39;)])"/>
        <source value="Extension"/>
      </constraint>
    </element>
    <element id="Extension:informant.id">
      <path value="Extension.id"/>
      <representation value="xmlAttr"/>
      <short value="xml:id (or equivalent in JSON)"/>
      <definition value="unique id for the element within a resource (for internal references). This may be any string value that does not contain spaces."/>
      <min value="0"/>
      <max value="1"/>
      <base>
        <path value="Element.id"/>
        <min value="0"/>
        <max value="1"/>
      </base>
      <type>
        <code value="string"/>
      </type>
      <mapping>
        <identity value="rim"/>
        <map value="N/A"/>
      </mapping>
    </element>
    <element id="Extension:informant.extension">
      <path value="Extension.extension"/>
      <slicing id="1">
        <discriminator>
          <type value="value"/>
          <path value="url"/>
        </discriminator>
        <ordered value="false"/>
        <rules value="open"/>
      </slicing>
      <short value="Extension"/>
      <definition value="An Extension"/>
      <min value="0"/>
      <max value="*"/>
      <base>
        <path value="Element.extension"/>
        <min value="0"/>
        <max value="*"/>
      </base>
      <type>
        <code value="Extension"/>
      </type>
    </element>
    <element id="Extension:informant.extension:legalname">
      <path value="Extension.extension"/>
      <sliceName value="legalname"/>
      <definition value="The decedent&#39;s legal name plus any akas."/>
      <min value="1"/>
      <max value="1"/>
      <base>
        <path value="Extension.extension"/>
        <min value="0"/>
        <max value="1"/>
      </base>
      <type>
        <code value="Extension"/>
        <profile value="http://nightingaleproject.github.io/fhirDeathRecord/StructureDefinition/sdr-deathRecord-LegalName-extension"/>
      </type>
      <isModifier value="false"/>
      <mapping>
        <identity value="rim"/>
        <map value="N/A"/>
      </mapping>
    </element>
    <element id="Extension:informant.extension:relationshiptype">
      <path value="Extension.extension"/>
      <sliceName value="relationshiptype"/>
      <definition value="A code that represents the type of relationship."/>
      <min value="1"/>
      <max value="1"/>
      <base>
        <path value="Extension.extension"/>
        <min value="0"/>
        <max value="1"/>
      </base>
      <type>
        <code value="Extension"/>
        <profile value="http://nightingaleproject.github.io/fhirDeathRecord/StructureDefinition/sdr-deathRecord-RelationshipType-extension"/>
      </type>
      <isModifier value="false"/>
      <mapping>
        <identity value="rim"/>
        <map value="N/A"/>
      </mapping>
    </element>
    <element id="Extension:informant.extension:relationshiptype.id">
      <path value="Extension.extension.id"/>
      <representation value="xmlAttr"/>
      <short value="xml:id (or equivalent in JSON)"/>
      <definition value="unique id for the element within a resource (for internal references). This may be any string value that does not contain spaces."/>
      <min value="0"/>
      <max value="1"/>
      <base>
        <path value="Element.id"/>
        <min value="0"/>
        <max value="1"/>
      </base>
      <type>
        <code value="string"/>
      </type>
      <mapping>
        <identity value="rim"/>
        <map value="N/A"/>
      </mapping>
    </element>
    <element id="Extension:informant.extension:relationshiptype.extension:extension">
      <path value="Extension.extension.extension"/>
      <sliceName value="extension"/>
      <short value="Extension"/>
      <definition value="An Extension"/>
      <min value="0"/>
      <max value="0"/>
      <base>
        <path value="Element.extension"/>
        <min value="0"/>
        <max value="*"/>
      </base>
      <type>
        <code value="Extension"/>
      </type>
    </element>
    <element id="Extension:informant.extension:relationshiptype.url">
      <path value="Extension.extension.url"/>
      <representation value="xmlAttr"/>
      <short value="identifies the meaning of the extension"/>
      <definition value="Source of the definition for the extension code - a logical name or a URL."/>
      <comment value="The definition may point directly to a computable or human-readable definition of the extensibility codes, or it may be a logical URI as declared in some other specification. The definition SHALL be a URI for the Structure Definition defining the extension."/>
      <min value="1"/>
      <max value="1"/>
      <base>
        <path value="Extension.url"/>
        <min value="1"/>
        <max value="1"/>
      </base>
      <type>
        <code value="uri"/>
      </type>
      <fixedUri value="http://nightingaleproject.github.io/fhirDeathRecord/StructureDefinition/sdr-deathRecord-RelationshipType-extension"/>
      <mapping>
        <identity value="rim"/>
        <map value="N/A"/>
      </mapping>
    </element>
    <element id="Extension:informant.extension:relationshiptype.valueCodeableConcept">
      <path value="Extension.extension.valueCodeableConcept"/>
      <short value="Value of extension"/>
      <definition value="Value of extension - may be a resource or one of a constrained set of the data types (see Extensibility in the spec for list)."/>
      <min value="1"/>
      <max value="1"/>
      <base>
        <path value="Extension.value[x]"/>
        <min value="0"/>
        <max value="1"/>
      </base>
      <type>
        <code value="CodeableConcept"/>
      </type>
      <mapping>
        <identity value="rim"/>
        <map value="N/A"/>
      </mapping>
    </element>
    <element id="Extension:informant.extension:relationshiptype.valueCodeableConcept.id">
      <path value="Extension.extension.valueCodeableConcept.id"/>
      <representation value="xmlAttr"/>
      <short value="xml:id (or equivalent in JSON)"/>
      <definition value="unique id for the element within a resource (for internal references). This may be any string value that does not contain spaces."/>
      <min value="0"/>
      <max value="1"/>
      <base>
        <path value="Element.id"/>
        <min value="0"/>
        <max value="1"/>
      </base>
      <type>
        <code value="string"/>
      </type>
      <mapping>
        <identity value="rim"/>
        <map value="n/a"/>
      </mapping>
    </element>
    <element id="Extension:informant.extension:relationshiptype.valueCodeableConcept.extension">
      <path value="Extension.extension.valueCodeableConcept.extension"/>
      <slicing>
        <discriminator>
          <type value="value"/>
          <path value="url"/>
        </discriminator>
        <description value="Extensions are always sliced by (at least) url"/>
        <rules value="open"/>
      </slicing>
      <short value="Additional Content defined by implementations"/>
      <definition value="May be used to represent additional information that is not part of the basic definition of the element. In order to make the use of extensions safe and manageable, there is a strict set of governance  applied to the definition and use of extensions. Though any implementer is allowed to define an extension, there is a set of requirements that SHALL be met as part of the definition of the extension."/>
      <comment value="There can be no stigma associated with the use of extensions by any application, project, or standard - regardless of the institution or jurisdiction that uses or defines the extensions.  The use of extensions is what allows the FHIR specification to retain a core level of simplicity for everyone."/>
      <alias value="extensions"/>
      <alias value="user content"/>
      <min value="0"/>
      <max value="*"/>
      <base>
        <path value="Element.extension"/>
        <min value="0"/>
        <max value="*"/>
      </base>
      <type>
        <code value="Extension"/>
      </type>
      <mapping>
        <identity value="rim"/>
        <map value="n/a"/>
      </mapping>
    </element>
    <element id="Extension:informant.extension:relationshiptype.valueCodeableConcept.coding">
      <path value="Extension.extension.valueCodeableConcept.coding"/>
      <slicing id="2">
        <discriminator>
          <type value="value"/>
          <path value="code"/>
        </discriminator>
        <ordered value="false"/>
        <rules value="open"/>
      </slicing>
      <short value="Code defined by a terminology system"/>
      <definition value="A reference to a code defined by a terminology system."/>
      <comment value="Codes may be defined very casually in enumerations, or code lists, up to very formal definitions such as SNOMED CT - see the HL7 v3 Core Principles for more information.  Ordering of codings is undefined and SHALL NOT be used to infer meaning. Generally, at most only one of the coding values will be labeled as UserSelected = true."/>
      <requirements value="Allows for translations and alternate encodings within a code system.  Also supports communication of the same instance to systems requiring different encodings."/>
      <min value="0"/>
      <max value="*"/>
      <type>
        <code value="Coding"/>
      </type>
      <isSummary value="true"/>
      <mapping>
        <identity value="v2"/>
        <map value="C*E.1-8, C*E.10-22"/>
      </mapping>
      <mapping>
        <identity value="rim"/>
        <map value="union(., ./translation)"/>
      </mapping>
      <mapping>
        <identity value="orim"/>
        <map value="fhir:CodeableConcept.coding rdfs:subPropertyOf dt:CD.coding"/>
      </mapping>
    </element>
    <element id="Extension:informant.extension:relationshiptype.valueCodeableConcept.coding:Fixed_CP">
      <path value="Extension.extension.valueCodeableConcept.coding"/>
      <sliceName value="Fixed_CP"/>
      <definition value="A reference to a code defined by a terminology system."/>
      <min value="0"/>
      <max value="*"/>
      <type>
        <code value="Coding"/>
      </type>
      <isSummary value="true"/>
    </element>
    <element id="Extension:informant.extension:relationshiptype.valueCodeableConcept.coding:Fixed_CP.id">
      <path value="Extension.extension.valueCodeableConcept.coding.id"/>
      <representation value="xmlAttr"/>
      <short value="xml:id (or equivalent in JSON)"/>
      <definition value="unique id for the element within a resource (for internal references). This may be any string value that does not contain spaces."/>
      <min value="0"/>
      <max value="1"/>
      <base>
        <path value="Element.id"/>
        <min value="0"/>
        <max value="1"/>
      </base>
      <type>
        <code value="string"/>
      </type>
      <mapping>
        <identity value="rim"/>
        <map value="n/a"/>
      </mapping>
    </element>
    <element id="Extension:informant.extension:relationshiptype.valueCodeableConcept.coding:Fixed_CP.extension">
      <path value="Extension.extension.valueCodeableConcept.coding.extension"/>
      <slicing>
        <discriminator>
          <type value="value"/>
          <path value="url"/>
        </discriminator>
        <description value="Extensions are always sliced by (at least) url"/>
        <rules value="open"/>
      </slicing>
      <short value="Additional Content defined by implementations"/>
      <definition value="May be used to represent additional information that is not part of the basic definition of the element. In order to make the use of extensions safe and manageable, there is a strict set of governance  applied to the definition and use of extensions. Though any implementer is allowed to define an extension, there is a set of requirements that SHALL be met as part of the definition of the extension."/>
      <comment value="There can be no stigma associated with the use of extensions by any application, project, or standard - regardless of the institution or jurisdiction that uses or defines the extensions.  The use of extensions is what allows the FHIR specification to retain a core level of simplicity for everyone."/>
      <alias value="extensions"/>
      <alias value="user content"/>
      <min value="0"/>
      <max value="*"/>
      <base>
        <path value="Element.extension"/>
        <min value="0"/>
        <max value="*"/>
      </base>
      <type>
        <code value="Extension"/>
      </type>
      <mapping>
        <identity value="rim"/>
        <map value="n/a"/>
      </mapping>
    </element>
    <element id="Extension:informant.extension:relationshiptype.valueCodeableConcept.coding:Fixed_CP.system">
      <path value="Extension.extension.valueCodeableConcept.coding.system"/>
      <short value="Identity of the terminology system"/>
      <definition value="The identification of the code system that defines the meaning of the symbol in the code."/>
      <comment value="The URI may be an OID (urn:oid:...) or a UUID (urn:uuid:...).  OIDs and UUIDs SHALL be references to the HL7 OID registry. Otherwise, the URI should come from HL7&#39;s list of FHIR defined special URIs or it should de-reference to some definition that establish the system clearly and unambiguously."/>
      <requirements value="Need to be unambiguous about the source of the definition of the symbol."/>
      <min value="0"/>
      <max value="1"/>
      <type>
        <code value="uri"/>
      </type>
      <fixedUri value="http://hl7.org/fhir/v2/0131"/>
      <isSummary value="true"/>
      <mapping>
        <identity value="v2"/>
        <map value="C*E.3"/>
      </mapping>
      <mapping>
        <identity value="rim"/>
        <map value="./codeSystem"/>
      </mapping>
      <mapping>
        <identity value="orim"/>
        <map value="fhir:Coding.system rdfs:subPropertyOf dt:CDCoding.codeSystem"/>
      </mapping>
    </element>
    <element id="Extension:informant.extension:relationshiptype.valueCodeableConcept.coding:Fixed_CP.version">
      <path value="Extension.extension.valueCodeableConcept.coding.version"/>
      <short value="Version of the system - if relevant"/>
      <definition value="The version of the code system which was used when choosing this code. Note that a well-maintained code system does not need the version reported, because the meaning of codes is consistent across versions. However this cannot consistently be assured. and when the meaning is not guaranteed to be consistent, the version SHOULD be exchanged."/>
      <comment value="Where the terminology does not clearly define what string should be used to identify code system versions, the recommendation is to use the date (expressed in FHIR date format) on which that version was officially published as the version date."/>
      <min value="0"/>
      <max value="1"/>
      <type>
        <code value="string"/>
      </type>
      <isSummary value="true"/>
      <mapping>
        <identity value="v2"/>
        <map value="C*E.7"/>
      </mapping>
      <mapping>
        <identity value="rim"/>
        <map value="./codeSystemVersion"/>
      </mapping>
      <mapping>
        <identity value="orim"/>
        <map value="fhir:Coding.version rdfs:subPropertyOf dt:CDCoding.codeSystemVersion"/>
      </mapping>
    </element>
    <element id="Extension:informant.extension:relationshiptype.valueCodeableConcept.coding:Fixed_CP.code">
      <path value="Extension.extension.valueCodeableConcept.coding.code"/>
      <short value="Symbol in syntax defined by the system"/>
      <definition value="A symbol in syntax defined by the system. The symbol may be a predefined code or an expression in a syntax defined by the coding system (e.g. post-coordination)."/>
      <requirements value="Need to refer to a particular code in the system."/>
      <min value="0"/>
      <max value="1"/>
      <type>
        <code value="code"/>
      </type>
      <fixedCode value="CP"/>
      <isSummary value="true"/>
      <mapping>
        <identity value="v2"/>
        <map value="C*E.1"/>
      </mapping>
      <mapping>
        <identity value="rim"/>
        <map value="./code"/>
      </mapping>
      <mapping>
        <identity value="orim"/>
        <map value="fhir:Coding.code rdfs:subPropertyOf dt:CDCoding.code"/>
      </mapping>
    </element>
    <element id="Extension:informant.extension:relationshiptype.valueCodeableConcept.coding:Fixed_CP.display">
      <extension url="http://hl7.org/fhir/StructureDefinition/elementdefinition-translatable">
        <valueBoolean value="true"/>
      </extension>
      <path value="Extension.extension.valueCodeableConcept.coding.display"/>
      <short value="Representation defined by the system"/>
      <definition value="A representation of the meaning of the code in the system, following the rules of the system."/>
      <requirements value="Need to be able to carry a human-readable meaning of the code for readers that do not know  the system."/>
      <min value="0"/>
      <max value="1"/>
      <type>
        <code value="string"/>
      </type>
      <isSummary value="true"/>
      <mapping>
        <identity value="v2"/>
        <map value="C*E.2 - but note this is not well followed"/>
      </mapping>
      <mapping>
        <identity value="rim"/>
        <map value="CV.displayName"/>
      </mapping>
      <mapping>
        <identity value="orim"/>
        <map value="fhir:Coding.display rdfs:subPropertyOf dt:CDCoding.displayName"/>
      </mapping>
    </element>
    <element id="Extension:informant.extension:relationshiptype.valueCodeableConcept.coding:Fixed_CP.userSelected">
      <path value="Extension.extension.valueCodeableConcept.coding.userSelected"/>
      <short value="If this coding was chosen directly by the user"/>
      <definition value="Indicates that this coding was chosen by a user directly - i.e. off a pick list of available items (codes or displays)."/>
      <comment value="Amongst a set of alternatives, a directly chosen code is the most appropriate starting point for new translations. There is some ambiguity about what exactly &#39;directly chosen&#39; implies, and trading partner agreement may be needed to clarify the use of this element and its consequences more completely."/>
      <requirements value="This has been identified as a clinical safety criterium - that this exact system/code pair was chosen explicitly, rather than inferred by the system based on some rules or language processing."/>
      <min value="0"/>
      <max value="1"/>
      <type>
        <code value="boolean"/>
      </type>
      <isSummary value="true"/>
      <mapping>
        <identity value="v2"/>
        <map value="Sometimes implied by being first"/>
      </mapping>
      <mapping>
        <identity value="rim"/>
        <map value="CD.codingRationale"/>
      </mapping>
      <mapping>
        <identity value="orim"/>
        <map value="fhir:Coding.userSelected fhir:mapsTo dt:CDCoding.codingRationale. fhir:Coding.userSelected fhir:hasMap fhir:Coding.userSelected.map. fhir:Coding.userSelected.map a fhir:Map;   fhir:target dt:CDCoding.codingRationale. fhir:Coding.userSelected\#true a [     fhir:source &quot;true&quot;;     fhir:target dt:CDCoding.codingRationale\#O   ]"/>
      </mapping>
    </element>
    <element id="Extension:informant.extension:relationshiptype.valueCodeableConcept.text">
      <extension url="http://hl7.org/fhir/StructureDefinition/elementdefinition-translatable">
        <valueBoolean value="true"/>
      </extension>
      <path value="Extension.extension.valueCodeableConcept.text"/>
      <short value="Plain text representation of the concept"/>
      <definition value="A human language representation of the concept as seen/selected/uttered by the user who entered the data and/or which represents the intended meaning of the user."/>
      <comment value="Very often the text is the same as a displayName of one of the codings."/>
      <requirements value="The codes from the terminologies do not always capture the correct meaning with all the nuances of the human using them, or sometimes there is no appropriate code at all. In these cases, the text is used to capture the full meaning of the source."/>
      <min value="0"/>
      <max value="1"/>
      <type>
        <code value="string"/>
      </type>
      <isSummary value="true"/>
      <mapping>
        <identity value="v2"/>
        <map value="C*E.9. But note many systems use C*E.2 for this"/>
      </mapping>
      <mapping>
        <identity value="rim"/>
        <map value="./originalText[mediaType/code=&quot;text/plain&quot;]/data"/>
      </mapping>
      <mapping>
        <identity value="orim"/>
        <map value="fhir:CodeableConcept.text rdfs:subPropertyOf dt:CD.originalText"/>
      </mapping>
    </element>
    <element id="Extension:informant.extension:address">
      <path value="Extension.extension"/>
      <sliceName value="address"/>
      <definition value="An address expressed using postal conventions (as opposed to GPS or other location definition formats). This data type may be used to convey addresses for use in delivering mail as well as for visiting locations and which might not be valid for mail delivery. There are a variety of postal address formats defined around the world. (Source: HL7 FHIR)."/>
      <min value="0"/>
      <max value="1"/>
      <base>
        <path value="Extension.extension"/>
        <min value="0"/>
        <max value="1"/>
      </base>
      <type>
        <code value="Extension"/>
        <profile value="http://nightingaleproject.github.io/fhirDeathRecord/StructureDefinition/shr-core-Address-extension"/>
      </type>
      <isModifier value="false"/>
      <mapping>
        <identity value="rim"/>
        <map value="N/A"/>
      </mapping>
    </element>
    <element id="Extension:informant.url">
      <path value="Extension.url"/>
      <representation value="xmlAttr"/>
      <short value="identifies the meaning of the extension"/>
      <definition value="Source of the definition for the extension code - a logical name or a URL."/>
      <comment value="The definition may point directly to a computable or human-readable definition of the extensibility codes, or it may be a logical URI as declared in some other specification. The definition SHALL be a URI for the Structure Definition defining the extension."/>
      <min value="1"/>
      <max value="1"/>
      <base>
        <path value="Extension.url"/>
        <min value="1"/>
        <max value="1"/>
      </base>
      <type>
        <code value="uri"/>
      </type>
      <fixedUri value="http://nightingaleproject.github.io/fhirDeathRecord/StructureDefinition/sdr-deathRecord-Informant-extension"/>
      <mapping>
        <identity value="rim"/>
        <map value="N/A"/>
      </mapping>
    </element>
    <element id="Extension:informant.value[x]">
      <path value="Extension.value[x]"/>
      <short value="Value of extension"/>
      <definition value="Value of extension - may be a resource or one of a constrained set of the data types (see Extensibility in the spec for list)."/>
      <min value="0"/>
      <max value="0"/>
      <base>
        <path value="Extension.value[x]"/>
        <min value="0"/>
        <max value="1"/>
      </base>
      <type>
        <code value="base64Binary"/>
      </type>
      <type>
        <code value="boolean"/>
      </type>
      <type>
        <code value="code"/>
      </type>
      <type>
        <code value="date"/>
      </type>
      <type>
        <code value="dateTime"/>
      </type>
      <type>
        <code value="decimal"/>
      </type>
      <type>
        <code value="id"/>
      </type>
      <type>
        <code value="instant"/>
      </type>
      <type>
        <code value="integer"/>
      </type>
      <type>
        <code value="markdown"/>
      </type>
      <type>
        <code value="oid"/>
      </type>
      <type>
        <code value="positiveInt"/>
      </type>
      <type>
        <code value="string"/>
      </type>
      <type>
        <code value="time"/>
      </type>
      <type>
        <code value="unsignedInt"/>
      </type>
      <type>
        <code value="uri"/>
      </type>
      <type>
        <code value="Address"/>
      </type>
      <type>
        <code value="Age"/>
      </type>
      <type>
        <code value="Annotation"/>
      </type>
      <type>
        <code value="Attachment"/>
      </type>
      <type>
        <code value="CodeableConcept"/>
      </type>
      <type>
        <code value="Coding"/>
      </type>
      <type>
        <code value="ContactPoint"/>
      </type>
      <type>
        <code value="Count"/>
      </type>
      <type>
        <code value="Distance"/>
      </type>
      <type>
        <code value="Duration"/>
      </type>
      <type>
        <code value="HumanName"/>
      </type>
      <type>
        <code value="Identifier"/>
      </type>
      <type>
        <code value="Money"/>
      </type>
      <type>
        <code value="Period"/>
      </type>
      <type>
        <code value="Quantity"/>
      </type>
      <type>
        <code value="Range"/>
      </type>
      <type>
        <code value="Ratio"/>
      </type>
      <type>
        <code value="Reference"/>
      </type>
      <type>
        <code value="SampledData"/>
      </type>
      <type>
        <code value="Signature"/>
      </type>
      <type>
        <code value="Timing"/>
      </type>
      <type>
        <code value="Meta"/>
      </type>
      <mapping>
        <identity value="rim"/>
        <map value="N/A"/>
      </mapping>
    </element>
  </snapshot>
  <differential>
    <element id="Extension:informant">
      <path value="Extension"/>
      <short value="SDR Informant Extension"/>
      <definition value="The decedent&#39;s informant"/>
      <min value="0"/>
      <max value="*"/>
    </element>
    <element id="Extension:informant.extension:legalname">
      <path value="Extension.extension"/>
      <sliceName value="legalname"/>
      <definition value="The decedent&#39;s legal name plus any akas."/>
      <min value="1"/>
      <max value="1"/>
      <type>
        <code value="Extension"/>
        <profile value="http://nightingaleproject.github.io/fhirDeathRecord/StructureDefinition/sdr-deathRecord-LegalName-extension"/>
      </type>
    </element>
    <element id="Extension:informant.extension:relationshiptype">
      <path value="Extension.extension"/>
      <sliceName value="relationshiptype"/>
      <definition value="A code that represents the type of relationship."/>
      <min value="1"/>
      <max value="1"/>
      <type>
        <code value="Extension"/>
        <profile value="http://nightingaleproject.github.io/fhirDeathRecord/StructureDefinition/sdr-deathRecord-RelationshipType-extension"/>
      </type>
    </element>
    <element id="Extension:informant.extension:relationshiptype.valueCodeableConcept.coding">
      <path value="Extension.extension.valueCodeableConcept.coding"/>
      <slicing id="2">
        <discriminator>
          <type value="value"/>
          <path value="code"/>
        </discriminator>
        <ordered value="false"/>
        <rules value="open"/>
      </slicing>
    </element>
    <element id="Extension:informant.extension:relationshiptype.valueCodeableConcept.coding:Fixed_CP">
      <path value="Extension.extension.valueCodeableConcept.coding"/>
      <sliceName value="Fixed_CP"/>
      <definition value="A reference to a code defined by a terminology system."/>
      <min value="0"/>
      <max value="*"/>
      <type>
        <code value="Coding"/>
      </type>
      <isSummary value="true"/>
    </element>
    <element id="Extension:informant.extension:relationshiptype.valueCodeableConcept.coding:Fixed_CP.system">
      <path value="Extension.extension.valueCodeableConcept.coding.system"/>
      <fixedUri value="http://hl7.org/fhir/v2/0131"/>
    </element>
    <element id="Extension:informant.extension:relationshiptype.valueCodeableConcept.coding:Fixed_CP.code">
      <path value="Extension.extension.valueCodeableConcept.coding.code"/>
      <fixedCode value="CP"/>
    </element>
    <element id="Extension:informant.extension:address">
      <path value="Extension.extension"/>
      <sliceName value="address"/>
      <definition value="An address expressed using postal conventions (as opposed to GPS or other location definition formats). This data type may be used to convey addresses for use in delivering mail as well as for visiting locations and which might not be valid for mail delivery. There are a variety of postal address formats defined around the world. (Source: HL7 FHIR)."/>
      <min value="0"/>
      <max value="1"/>
      <type>
        <code value="Extension"/>
        <profile value="http://nightingaleproject.github.io/fhirDeathRecord/StructureDefinition/shr-core-Address-extension"/>
      </type>
    </element>
    <element id="Extension:informant.url">
      <path value="Extension.url"/>
      <type>
        <code value="uri"/>
      </type>
      <fixedUri value="http://nightingaleproject.github.io/fhirDeathRecord/StructureDefinition/sdr-deathRecord-Informant-extension"/>
    </element>
    <element id="Extension:informant.value[x]">
      <path value="Extension.value[x]"/>
      <min value="0"/>
      <max value="0"/>
    </element>
  </differential>
</StructureDefinition>