<?xml version="1.0" encoding="UTF-8"?>

<Bundle xmlns="http://hl7.org/fhir">
  <id value="7d0cc7bf-84fb-4287-9202-a17f5de3ec6a"/>
  <meta>
    <lastUpdated value="2018-11-16T13:33:00.638-05:00"/>
  </meta>
  <type value="collection"/>
  <entry>
    <fullUrl value="http://github.com/nightingaleproject/fhirDeathRecord/sdr/decedent/vs/EducationVS"/>
    <resource>
      <ValueSet>
        <id value="sdr-decedent-EducationVS"/>
        <text>
          <status value="generated"/>
          <div xmlns="http://www.w3.org/1999/xhtml">
            <p>This value set contains 9 concepts</p>
            <p style="border: black 1px dotted; background-color: #EEEEEE; padding: 8px">Expansion based on http://hl7.org/fhir/v3/NullFlavor version 2016-11-11, http://github.com/nightingaleproject/fhirDeathRecord/sdr/decedent/cs/EducationCS version 0.1.0</p>
            <table class="codes">
              <tr>
                <td style="white-space:nowrap">
                  <b>Code</b>
                </td>
                <td>
                  <b>System</b>
                </td>
                <td>
                  <b>Display</b>
                </td>
                <td>
                  <b>Definition</b>
                </td>
              </tr>
              <tr>
                <td style="white-space:nowrap">
                  <a name="http---github.com-nightingaleproject-fhirDeathRecord-sdr-decedent-cs-EducationCS-PHC1448"> </a>
                  <a href="CodeSystem-sdr-decedent-EducationCS.html#sdr-decedent-EducationCS-PHC1448">PHC1448</a>
                </td>
                <td>http://github.com/nightingaleproject/fhirDeathRecord/sdr/decedent/cs/EducationCS</td>
                <td>8th grade or less</td>
                <td>8th grade or less</td>
              </tr>
              <tr>
                <td style="white-space:nowrap">
                  <a name="http---github.com-nightingaleproject-fhirDeathRecord-sdr-decedent-cs-EducationCS-PHC1449"> </a>
                  <a href="CodeSystem-sdr-decedent-EducationCS.html#sdr-decedent-EducationCS-PHC1449">PHC1449</a>
                </td>
                <td>http://github.com/nightingaleproject/fhirDeathRecord/sdr/decedent/cs/EducationCS</td>
                <td>9th through 12th grade; no diploma</td>
                <td>9th through 12th grade; no diploma</td>
              </tr>
              <tr>
                <td style="white-space:nowrap">
                  <a name="http---github.com-nightingaleproject-fhirDeathRecord-sdr-decedent-cs-EducationCS-PHC1450"> </a>
                  <a href="CodeSystem-sdr-decedent-EducationCS.html#sdr-decedent-EducationCS-PHC1450">PHC1450</a>
                </td>
                <td>http://github.com/nightingaleproject/fhirDeathRecord/sdr/decedent/cs/EducationCS</td>
                <td>High School Graduate or GED Completed</td>
                <td>High School Graduate or GED Completed</td>
              </tr>
              <tr>
                <td style="white-space:nowrap">
                  <a name="http---github.com-nightingaleproject-fhirDeathRecord-sdr-decedent-cs-EducationCS-PHC1451"> </a>
                  <a href="CodeSystem-sdr-decedent-EducationCS.html#sdr-decedent-EducationCS-PHC1451">PHC1451</a>
                </td>
                <td>http://github.com/nightingaleproject/fhirDeathRecord/sdr/decedent/cs/EducationCS</td>
                <td>Some college credit, but no degree</td>
                <td>Some college credit, but no degree</td>
              </tr>
              <tr>
                <td style="white-space:nowrap">
                  <a name="http---github.com-nightingaleproject-fhirDeathRecord-sdr-decedent-cs-EducationCS-PHC1452"> </a>
                  <a href="CodeSystem-sdr-decedent-EducationCS.html#sdr-decedent-EducationCS-PHC1452">PHC1452</a>
                </td>
                <td>http://github.com/nightingaleproject/fhirDeathRecord/sdr/decedent/cs/EducationCS</td>
                <td>Associate Degree</td>
                <td>Associate Degree</td>
              </tr>
              <tr>
                <td style="white-space:nowrap">
                  <a name="http---github.com-nightingaleproject-fhirDeathRecord-sdr-decedent-cs-EducationCS-PHC1453"> </a>
                  <a href="CodeSystem-sdr-decedent-EducationCS.html#sdr-decedent-EducationCS-PHC1453">PHC1453</a>
                </td>
                <td>http://github.com/nightingaleproject/fhirDeathRecord/sdr/decedent/cs/EducationCS</td>
                <td>Bachelor&#39;s Degree</td>
                <td>Bachelor&#39;s Degree</td>
              </tr>
              <tr>
                <td style="white-space:nowrap">
                  <a name="http---github.com-nightingaleproject-fhirDeathRecord-sdr-decedent-cs-EducationCS-PHC1454"> </a>
                  <a href="CodeSystem-sdr-decedent-EducationCS.html#sdr-decedent-EducationCS-PHC1454">PHC1454</a>
                </td>
                <td>http://github.com/nightingaleproject/fhirDeathRecord/sdr/decedent/cs/EducationCS</td>
                <td>Master&#39;s Degree</td>
                <td>Master&#39;s Degree</td>
              </tr>
              <tr>
                <td style="white-space:nowrap">
                  <a name="http---github.com-nightingaleproject-fhirDeathRecord-sdr-decedent-cs-EducationCS-PHC1455"> </a>
                  <a href="CodeSystem-sdr-decedent-EducationCS.html#sdr-decedent-EducationCS-PHC1455">PHC1455</a>
                </td>
                <td>http://github.com/nightingaleproject/fhirDeathRecord/sdr/decedent/cs/EducationCS</td>
                <td>Doctorate Degree or Professional Degree</td>
                <td>Doctorate Degree or Professional Degree</td>
              </tr>
              <tr>
                <td style="white-space:nowrap">
                  <a name="http---hl7.org-fhir-v3-NullFlavor-UNK"> </a>
                  <a href="http://hl7.org/fhir/STU3/v3/NullFlavor/cs.html#v3-NullFlavor-UNK">UNK</a>
                </td>
                <td>http://hl7.org/fhir/v3/NullFlavor</td>
                <td>Unknown</td>
                <td>Description:A proper value is applicable, but not known.

                        
                           Usage Notes: This means the actual value is not known.  If the only thing that is unknown is how to properly express the value in the necessary constraints (value set, datatype, etc.), then the OTH or UNC flavor should be used.  No properties should be included for a datatype with this property unless:

                        
                           Those properties themselves directly translate to a semantic of &quot;unknown&quot;.  (E.g. a local code sent as a translation that conveys &#39;unknown&#39;)
                           Those properties further qualify the nature of what is unknown.  (E.g. specifying a use code of &quot;H&quot; and a URL prefix of &quot;tel:&quot; to convey that it is the home phone number that is unknown.)</td>
              </tr>
            </table>
          </div>
        </text>
        <url value="http://github.com/nightingaleproject/fhirDeathRecord/sdr/decedent/vs/EducationVS"/>
        <identifier>
          <system value="http://github.com/nightingaleproject/fhirDeathRecord"/>
          <value value="sdr.decedent.EducationVS"/>
        </identifier>
        <version value="0.1.0"/>
        <name value="EducationVS"/>
        <title value="SDR EducationVS ValueSet"/>
        <status value="draft"/>
        <date value="2018-11-16T00:00:00-05:00"/>
        <publisher value="The MITRE Corporation: Nightingale Project"/>
        <contact>
          <telecom>
            <system value="url"/>
            <value value="http://github.com/nightingaleproject/fhirDeathRecord"/>
          </telecom>
        </contact>
        <description value="Decedent&#39;s education. Corresponds to the allowed values for item 51 of the [U.S. Standard Certificate of Death](https://www.cdc.gov/nchs/data/dvs/DEATH11-03final-ACC.pdf). Most of the codes in this value set belong to the [PHIN VS code system](http://phinvads.cdc.gov/vads/ViewCodeSystem.action?id=2.16.840.1.114222.4.5.274) but this is not currently supported as a [standard FHIR code system](https://www.hl7.org/fhir/terminologies-systems.html)."/>
        <expansion>
          <identifier value="urn:uuid:99edc399-7c3e-4c7b-89b3-cd5916661064"/>
          <timestamp value="2018-11-16T13:33:43-05:00"/>
          <total value="9"/>
          <parameter>
            <name value="profile"/>
            <valueUri value="http://hl7.org/fhir/ExpansionProfile/dc8fd4bc-091a-424a-8a3b-6198ef146891"/>
          </parameter>
          <parameter>
            <name value="version"/>
            <valueUri value="http://github.com/nightingaleproject/fhirDeathRecord/sdr/decedent/cs/EducationCS|0.1.0"/>
          </parameter>
          <parameter>
            <name value="version"/>
            <valueUri value="http://hl7.org/fhir/v3/NullFlavor|2016-11-11"/>
          </parameter>
          <contains>
            <system value="http://github.com/nightingaleproject/fhirDeathRecord/sdr/decedent/cs/EducationCS"/>
            <code value="PHC1448"/>
            <display value="8th grade or less"/>
          </contains>
          <contains>
            <system value="http://github.com/nightingaleproject/fhirDeathRecord/sdr/decedent/cs/EducationCS"/>
            <code value="PHC1449"/>
            <display value="9th through 12th grade; no diploma"/>
          </contains>
          <contains>
            <system value="http://github.com/nightingaleproject/fhirDeathRecord/sdr/decedent/cs/EducationCS"/>
            <code value="PHC1450"/>
            <display value="High School Graduate or GED Completed"/>
          </contains>
          <contains>
            <system value="http://github.com/nightingaleproject/fhirDeathRecord/sdr/decedent/cs/EducationCS"/>
            <code value="PHC1451"/>
            <display value="Some college credit, but no degree"/>
          </contains>
          <contains>
            <system value="http://github.com/nightingaleproject/fhirDeathRecord/sdr/decedent/cs/EducationCS"/>
            <code value="PHC1452"/>
            <display value="Associate Degree"/>
          </contains>
          <contains>
            <system value="http://github.com/nightingaleproject/fhirDeathRecord/sdr/decedent/cs/EducationCS"/>
            <code value="PHC1453"/>
            <display value="Bachelor&#39;s Degree"/>
          </contains>
          <contains>
            <system value="http://github.com/nightingaleproject/fhirDeathRecord/sdr/decedent/cs/EducationCS"/>
            <code value="PHC1454"/>
            <display value="Master&#39;s Degree"/>
          </contains>
          <contains>
            <system value="http://github.com/nightingaleproject/fhirDeathRecord/sdr/decedent/cs/EducationCS"/>
            <code value="PHC1455"/>
            <display value="Doctorate Degree or Professional Degree"/>
          </contains>
          <contains>
            <system value="http://hl7.org/fhir/v3/NullFlavor"/>
            <code value="UNK"/>
            <display value="Unknown"/>
          </contains>
        </expansion>
      </ValueSet>
    </resource>
  </entry>
  <entry>
    <fullUrl value="http://github.com/nightingaleproject/fhirDeathRecord/sdr/causeOfDeath/vs/PregnancyStatusVS"/>
    <resource>
      <ValueSet>
        <id value="sdr-causeOfDeath-PregnancyStatusVS"/>
        <text>
          <status value="generated"/>
          <div xmlns="http://www.w3.org/1999/xhtml">
            <p>This value set contains 6 concepts</p>
            <p style="border: black 1px dotted; background-color: #EEEEEE; padding: 8px">Expansion based on http://hl7.org/fhir/v3/NullFlavor version 2016-11-11, http://github.com/nightingaleproject/fhirDeathRecord/sdr/causeOfDeath/cs/PregnancyStatusCS version 0.1.0</p>
            <table class="codes">
              <tr>
                <td style="white-space:nowrap">
                  <b>Code</b>
                </td>
                <td>
                  <b>System</b>
                </td>
                <td>
                  <b>Display</b>
                </td>
                <td>
                  <b>Definition</b>
                </td>
              </tr>
              <tr>
                <td style="white-space:nowrap">
                  <a name="http---github.com-nightingaleproject-fhirDeathRecord-sdr-causeOfDeath-cs-PregnancyStatusCS-PHC1260"> </a>
                  <a href="CodeSystem-sdr-causeOfDeath-PregnancyStatusCS.html#sdr-causeOfDeath-PregnancyStatusCS-PHC1260">PHC1260</a>
                </td>
                <td>http://github.com/nightingaleproject/fhirDeathRecord/sdr/causeOfDeath/cs/PregnancyStatusCS</td>
                <td>Not pregnant within past year</td>
                <td>Not pregnant within past year</td>
              </tr>
              <tr>
                <td style="white-space:nowrap">
                  <a name="http---github.com-nightingaleproject-fhirDeathRecord-sdr-causeOfDeath-cs-PregnancyStatusCS-PHC1261"> </a>
                  <a href="CodeSystem-sdr-causeOfDeath-PregnancyStatusCS.html#sdr-causeOfDeath-PregnancyStatusCS-PHC1261">PHC1261</a>
                </td>
                <td>http://github.com/nightingaleproject/fhirDeathRecord/sdr/causeOfDeath/cs/PregnancyStatusCS</td>
                <td>Pregnant at time of death</td>
                <td>Pregnant at time of death</td>
              </tr>
              <tr>
                <td style="white-space:nowrap">
                  <a name="http---github.com-nightingaleproject-fhirDeathRecord-sdr-causeOfDeath-cs-PregnancyStatusCS-PHC1262"> </a>
                  <a href="CodeSystem-sdr-causeOfDeath-PregnancyStatusCS.html#sdr-causeOfDeath-PregnancyStatusCS-PHC1262">PHC1262</a>
                </td>
                <td>http://github.com/nightingaleproject/fhirDeathRecord/sdr/causeOfDeath/cs/PregnancyStatusCS</td>
                <td>Not pregnant, but pregnant within 42 days of death</td>
                <td>Not pregnant, but pregnant within 42 days of death</td>
              </tr>
              <tr>
                <td style="white-space:nowrap">
                  <a name="http---github.com-nightingaleproject-fhirDeathRecord-sdr-causeOfDeath-cs-PregnancyStatusCS-PHC1263"> </a>
                  <a href="CodeSystem-sdr-causeOfDeath-PregnancyStatusCS.html#sdr-causeOfDeath-PregnancyStatusCS-PHC1263">PHC1263</a>
                </td>
                <td>http://github.com/nightingaleproject/fhirDeathRecord/sdr/causeOfDeath/cs/PregnancyStatusCS</td>
                <td>Not pregnant, but pregnant 43 days to 1 year before death</td>
                <td>Not pregnant, but pregnant 43 days to 1 year before death</td>
              </tr>
              <tr>
                <td style="white-space:nowrap">
                  <a name="http---github.com-nightingaleproject-fhirDeathRecord-sdr-causeOfDeath-cs-PregnancyStatusCS-PHC1264"> </a>
                  <a href="CodeSystem-sdr-causeOfDeath-PregnancyStatusCS.html#sdr-causeOfDeath-PregnancyStatusCS-PHC1264">PHC1264</a>
                </td>
                <td>http://github.com/nightingaleproject/fhirDeathRecord/sdr/causeOfDeath/cs/PregnancyStatusCS</td>
                <td>Unknown if pregnant within the past year</td>
                <td>Unknown if pregnant within the past year</td>
              </tr>
              <tr>
                <td style="white-space:nowrap">
                  <a name="http---hl7.org-fhir-v3-NullFlavor-NA"> </a>
                  <a href="http://hl7.org/fhir/STU3/v3/NullFlavor/cs.html#v3-NullFlavor-NA">NA</a>
                </td>
                <td>http://hl7.org/fhir/v3/NullFlavor</td>
                <td>Not applicable</td>
                <td>Known to have no proper value (e.g., last menstrual period for a male).</td>
              </tr>
            </table>
          </div>
        </text>
        <url value="http://github.com/nightingaleproject/fhirDeathRecord/sdr/causeOfDeath/vs/PregnancyStatusVS"/>
        <identifier>
          <system value="http://github.com/nightingaleproject/fhirDeathRecord"/>
          <value value="sdr.causeOfDeath.PregnancyStatusVS"/>
        </identifier>
        <version value="0.1.0"/>
        <name value="PregnancyStatusVS"/>
        <title value="SDR PregnancyStatusVS ValueSet"/>
        <status value="draft"/>
        <date value="2018-11-16T00:00:00-05:00"/>
        <publisher value="The MITRE Corporation: Nightingale Project"/>
        <contact>
          <telecom>
            <system value="url"/>
            <value value="http://github.com/nightingaleproject/fhirDeathRecord"/>
          </telecom>
        </contact>
        <description value="Whether the decedent was pregnant at or around the time of death. Corresponds to the allowed values for item 36 of the [U.S. Standard Certificate of Death](https://www.cdc.gov/nchs/data/dvs/DEATH11-03final-ACC.pdf). Most of the codes in this value set belong to the [PHIN VS code system](http://phinvads.cdc.gov/vads/ViewCodeSystem.action?id=2.16.840.1.114222.4.5.274) but this is not currently supported as a [standard FHIR code system](https://www.hl7.org/fhir/terminologies-systems.html)."/>
        <expansion>
          <identifier value="urn:uuid:28131e8b-d13d-483a-bb27-ecefb160b918"/>
          <timestamp value="2018-11-16T13:33:45-05:00"/>
          <total value="6"/>
          <parameter>
            <name value="profile"/>
            <valueUri value="http://hl7.org/fhir/ExpansionProfile/dc8fd4bc-091a-424a-8a3b-6198ef146891"/>
          </parameter>
          <parameter>
            <name value="version"/>
            <valueUri value="http://github.com/nightingaleproject/fhirDeathRecord/sdr/causeOfDeath/cs/PregnancyStatusCS|0.1.0"/>
          </parameter>
          <parameter>
            <name value="version"/>
            <valueUri value="http://hl7.org/fhir/v3/NullFlavor|2016-11-11"/>
          </parameter>
          <contains>
            <system value="http://github.com/nightingaleproject/fhirDeathRecord/sdr/causeOfDeath/cs/PregnancyStatusCS"/>
            <code value="PHC1260"/>
            <display value="Not pregnant within past year"/>
          </contains>
          <contains>
            <system value="http://github.com/nightingaleproject/fhirDeathRecord/sdr/causeOfDeath/cs/PregnancyStatusCS"/>
            <code value="PHC1261"/>
            <display value="Pregnant at time of death"/>
          </contains>
          <contains>
            <system value="http://github.com/nightingaleproject/fhirDeathRecord/sdr/causeOfDeath/cs/PregnancyStatusCS"/>
            <code value="PHC1262"/>
            <display value="Not pregnant, but pregnant within 42 days of death"/>
          </contains>
          <contains>
            <system value="http://github.com/nightingaleproject/fhirDeathRecord/sdr/causeOfDeath/cs/PregnancyStatusCS"/>
            <code value="PHC1263"/>
            <display value="Not pregnant, but pregnant 43 days to 1 year before death"/>
          </contains>
          <contains>
            <system value="http://github.com/nightingaleproject/fhirDeathRecord/sdr/causeOfDeath/cs/PregnancyStatusCS"/>
            <code value="PHC1264"/>
            <display value="Unknown if pregnant within the past year"/>
          </contains>
          <contains>
            <system value="http://hl7.org/fhir/v3/NullFlavor"/>
            <code value="NA"/>
            <display value="Not applicable"/>
          </contains>
        </expansion>
      </ValueSet>
    </resource>
  </entry>
</Bundle>