<?xml version="1.0" encoding="UTF-8"?>

<Bundle xmlns="http://hl7.org/fhir">
  <id value="8061980d-f514-443c-9d34-41936f5dea4d"/>
  <meta>
    <lastUpdated value="2018-04-11T13:51:12.561-04:00"/>
  </meta>
  <type value="collection"/>
  <entry>
    <fullUrl value="http://github.com/nightingaleproject/fhirDeathRecord/sdr/deathRecord/vs/CertifierTypeVS"/>
    <resource>
      <ValueSet>
        <id value="sdr-deathRecord-CertifierTypeVS"/>
        <text>
          <status value="generated"/>
          <div xmlns="http://www.w3.org/1999/xhtml">
            <p>This value set contains 5 concepts</p>
            <p style="border: black 1px dotted; background-color: #EEEEEE; padding: 8px">Expansion based on http://hl7.org/fhir/v3/NullFlavor version 2016-11-11</p>
            <table class="codes">
              <tr>
                <td style="white-space:nowrap">
                  <b>Code</b>
                </td>
                <td>
                  <b>System</b>
                </td>
                <td>
                  <b>Display</b>
                </td>
                <td>
                  <b>Definition</b>
                </td>
              </tr>
              <tr>
                <td style="white-space:nowrap">
                  <a name="http---snomed.info-sct-434641000124105"> </a>
                  <a href="http://browser.ihtsdotools.org/?perspective=full&amp;conceptId1=434641000124105">434641000124105</a>
                </td>
                <td>http://snomed.info/sct</td>
                <td>Physician (Certifier)</td>
                <td/>
              </tr>
              <tr>
                <td style="white-space:nowrap">
                  <a name="http---snomed.info-sct-434651000124107"> </a>
                  <a href="http://browser.ihtsdotools.org/?perspective=full&amp;conceptId1=434651000124107">434651000124107</a>
                </td>
                <td>http://snomed.info/sct</td>
                <td>Physician (Pronouncer and Certifier)</td>
                <td/>
              </tr>
              <tr>
                <td style="white-space:nowrap">
                  <a name="http---snomed.info-sct-310193003"> </a>
                  <a href="http://browser.ihtsdotools.org/?perspective=full&amp;conceptId1=310193003">310193003</a>
                </td>
                <td>http://snomed.info/sct</td>
                <td>Coroner</td>
                <td/>
              </tr>
              <tr>
                <td style="white-space:nowrap">
                  <a name="http---snomed.info-sct-440051000124108"> </a>
                  <a href="http://browser.ihtsdotools.org/?perspective=full&amp;conceptId1=440051000124108">440051000124108</a>
                </td>
                <td>http://snomed.info/sct</td>
                <td>Medical Examiner</td>
                <td/>
              </tr>
              <tr>
                <td style="white-space:nowrap">
                  <a name="http---hl7.org-fhir-v3-NullFlavor-OTH"> </a>
                  <a href="http://hl7.org/fhir/STU3/v3/NullFlavor/cs.html#v3-NullFlavor-OTH">OTH</a>
                </td>
                <td>http://hl7.org/fhir/v3/NullFlavor</td>
                <td>Other</td>
                <td>Description:The actual value is not a member of the set of permitted data values in the constrained value domain of a variable. (e.g., concept not provided by required code system).

                        
                           Usage Notes: This flavor and its specializations are most commonly used with the CD datatype and its flavors.  However, it may apply to *any* datatype where the constraints of the type are tighter than can be conveyed.  For example, a PQ that is for a true measured amount whose units are not supported in UCUM, a need to convey a REAL when the type has been constrained to INT, etc.

                        With coded datatypes, this null flavor may only be used if the vocabulary binding has a coding strength of CNE.  By definition, all local codes and original text are part of the value set if the coding strength is CWE.</td>
              </tr>
            </table>
          </div>
        </text>
        <url value="http://github.com/nightingaleproject/fhirDeathRecord/sdr/deathRecord/vs/CertifierTypeVS"/>
        <identifier>
          <system value="http://github.com/nightingaleproject/fhirDeathRecord"/>
          <value value="sdr.deathRecord.CertifierTypeVS"/>
        </identifier>
        <version value="0.1.0"/>
        <name value="CertifierTypeVS"/>
        <title value="SDR CertifierTypeVS ValueSet"/>
        <status value="draft"/>
        <date value="2018-04-11T00:00:00-04:00"/>
        <publisher value="The MITRE Corporation: Nightingale Project"/>
        <contact>
          <telecom>
            <system value="url"/>
            <value value="http://github.com/nightingaleproject/fhirDeathRecord"/>
          </telecom>
        </contact>
        <description value="Type of certifier for a death record. Corresponds to the allowed values for item 45 of the [U.S. Standard Certificate of Death](https://www.cdc.gov/nchs/data/dvs/DEATH11-03final-ACC.pdf)."/>
        <expansion>
          <identifier value="urn:uuid:75f0947e-0a8b-427f-9f78-656611f2e8f1"/>
          <timestamp value="2018-04-11T11:39:43-04:00"/>
          <total value="5"/>
          <parameter>
            <name value="profile"/>
            <valueUri value="http://hl7.org/fhir/ExpansionProfile/dc8fd4bc-091a-424a-8a3b-6198ef146891"/>
          </parameter>
          <parameter>
            <name value="expansion-profile"/>
            <valueString value="http://hl7.org/fhir/ExpansionProfile/dc8fd4bc-091a-424a-8a3b-6198ef146891"/>
          </parameter>
          <parameter>
            <name value="limitedExpansion"/>
            <valueBoolean value="true"/>
          </parameter>
          <parameter>
            <name value="version"/>
            <valueUri value="http://snomed.info/sct?version=http://snomed.info/sct/731000124108/version/20160901"/>
          </parameter>
          <parameter>
            <name value="version"/>
            <valueUri value="http://hl7.org/fhir/v3/NullFlavor|2016-11-11"/>
          </parameter>
          <contains>
            <system value="http://snomed.info/sct"/>
            <code value="434641000124105"/>
            <display value="Physician (Certifier)"/>
          </contains>
          <contains>
            <system value="http://snomed.info/sct"/>
            <code value="434651000124107"/>
            <display value="Physician (Pronouncer and Certifier)"/>
          </contains>
          <contains>
            <system value="http://snomed.info/sct"/>
            <code value="310193003"/>
            <display value="Coroner"/>
          </contains>
          <contains>
            <system value="http://snomed.info/sct"/>
            <code value="440051000124108"/>
            <display value="Medical Examiner"/>
          </contains>
          <contains>
            <system value="http://hl7.org/fhir/v3/NullFlavor"/>
            <code value="OTH"/>
            <display value="Other"/>
          </contains>
        </expansion>
      </ValueSet>
    </resource>
  </entry>
  <entry>
    <fullUrl value="http://github.com/nightingaleproject/fhirDeathRecord/sdr/causeOfDeath/vs/ContributoryTobaccoUseVS"/>
    <resource>
      <ValueSet>
        <id value="sdr-causeOfDeath-ContributoryTobaccoUseVS"/>
        <text>
          <status value="generated"/>
          <div xmlns="http://www.w3.org/1999/xhtml">
            <p>This value set contains 5 concepts</p>
            <p style="border: black 1px dotted; background-color: #EEEEEE; padding: 8px">Expansion based on http://hl7.org/fhir/v3/NullFlavor version 2016-11-11</p>
            <table class="codes">
              <tr>
                <td style="white-space:nowrap">
                  <b>Code</b>
                </td>
                <td>
                  <b>System</b>
                </td>
                <td>
                  <b>Display</b>
                </td>
                <td>
                  <b>Definition</b>
                </td>
              </tr>
              <tr>
                <td style="white-space:nowrap">
                  <a name="http---snomed.info-sct-373066001"> </a>
                  <a href="http://browser.ihtsdotools.org/?perspective=full&amp;conceptId1=373066001">373066001</a>
                </td>
                <td>http://snomed.info/sct</td>
                <td>Yes</td>
                <td/>
              </tr>
              <tr>
                <td style="white-space:nowrap">
                  <a name="http---snomed.info-sct-373067005"> </a>
                  <a href="http://browser.ihtsdotools.org/?perspective=full&amp;conceptId1=373067005">373067005</a>
                </td>
                <td>http://snomed.info/sct</td>
                <td>No</td>
                <td/>
              </tr>
              <tr>
                <td style="white-space:nowrap">
                  <a name="http---snomed.info-sct-2931005"> </a>
                  <a href="http://browser.ihtsdotools.org/?perspective=full&amp;conceptId1=2931005">2931005</a>
                </td>
                <td>http://snomed.info/sct</td>
                <td>Probably</td>
                <td/>
              </tr>
              <tr>
                <td style="white-space:nowrap">
                  <a name="http---hl7.org-fhir-v3-NullFlavor-UNK"> </a>
                  <a href="http://hl7.org/fhir/STU3/v3/NullFlavor/cs.html#v3-NullFlavor-UNK">UNK</a>
                </td>
                <td>http://hl7.org/fhir/v3/NullFlavor</td>
                <td>Unknown</td>
                <td>Description:A proper value is applicable, but not known.

                        
                           Usage Notes: This means the actual value is not known.  If the only thing that is unknown is how to properly express the value in the necessary constraints (value set, datatype, etc.), then the OTH or UNC flavor should be used.  No properties should be included for a datatype with this property unless:

                        
                           Those properties themselves directly translate to a semantic of &quot;unknown&quot;.  (E.g. a local code sent as a translation that conveys &#39;unknown&#39;)
                           Those properties further qualify the nature of what is unknown.  (E.g. specifying a use code of &quot;H&quot; and a URL prefix of &quot;tel:&quot; to convey that it is the home phone number that is unknown.)</td>
              </tr>
              <tr>
                <td style="white-space:nowrap">
                  <a name="http---hl7.org-fhir-v3-NullFlavor-NASK"> </a>
                  <a href="http://hl7.org/fhir/STU3/v3/NullFlavor/cs.html#v3-NullFlavor-NASK">NASK</a>
                </td>
                <td>http://hl7.org/fhir/v3/NullFlavor</td>
                <td>Not asked</td>
                <td>This information has not been sought (e.g., patient was not asked)</td>
              </tr>
            </table>
          </div>
        </text>
        <url value="http://github.com/nightingaleproject/fhirDeathRecord/sdr/causeOfDeath/vs/ContributoryTobaccoUseVS"/>
        <identifier>
          <system value="http://github.com/nightingaleproject/fhirDeathRecord"/>
          <value value="sdr.causeOfDeath.ContributoryTobaccoUseVS"/>
        </identifier>
        <version value="0.1.0"/>
        <name value="ContributoryTobaccoUseVS"/>
        <title value="SDR ContributoryTobaccoUseVS ValueSet"/>
        <status value="draft"/>
        <date value="2018-04-11T00:00:00-04:00"/>
        <publisher value="The MITRE Corporation: Nightingale Project"/>
        <contact>
          <telecom>
            <system value="url"/>
            <value value="http://github.com/nightingaleproject/fhirDeathRecord"/>
          </telecom>
        </contact>
        <description value="The extent to which tobacco use contributed to the person&#39;s death. Corresponds to the allowed values for item 35 of the [U.S. Standard Certificate of Death](https://www.cdc.gov/nchs/data/dvs/DEATH11-03final-ACC.pdf)."/>
        <expansion>
          <identifier value="urn:uuid:95875fe5-0ffc-4aba-8c1a-9a1d64a2a251"/>
          <timestamp value="2018-04-11T11:39:44-04:00"/>
          <total value="5"/>
          <parameter>
            <name value="profile"/>
            <valueUri value="http://hl7.org/fhir/ExpansionProfile/dc8fd4bc-091a-424a-8a3b-6198ef146891"/>
          </parameter>
          <parameter>
            <name value="expansion-profile"/>
            <valueString value="http://hl7.org/fhir/ExpansionProfile/dc8fd4bc-091a-424a-8a3b-6198ef146891"/>
          </parameter>
          <parameter>
            <name value="limitedExpansion"/>
            <valueBoolean value="true"/>
          </parameter>
          <parameter>
            <name value="version"/>
            <valueUri value="http://snomed.info/sct?version=http://snomed.info/sct/731000124108/version/20160901"/>
          </parameter>
          <parameter>
            <name value="version"/>
            <valueUri value="http://hl7.org/fhir/v3/NullFlavor|2016-11-11"/>
          </parameter>
          <contains>
            <system value="http://snomed.info/sct"/>
            <code value="373066001"/>
            <display value="Yes"/>
          </contains>
          <contains>
            <system value="http://snomed.info/sct"/>
            <code value="373067005"/>
            <display value="No"/>
          </contains>
          <contains>
            <system value="http://snomed.info/sct"/>
            <code value="2931005"/>
            <display value="Probably"/>
          </contains>
          <contains>
            <system value="http://hl7.org/fhir/v3/NullFlavor"/>
            <code value="UNK"/>
            <display value="Unknown"/>
          </contains>
          <contains>
            <system value="http://hl7.org/fhir/v3/NullFlavor"/>
            <code value="NASK"/>
            <display value="Not asked"/>
          </contains>
        </expansion>
      </ValueSet>
    </resource>
  </entry>
  <entry>
    <fullUrl value="http://github.com/nightingaleproject/fhirDeathRecord/sdr/decedent/vs/DispositionTypeVS"/>
    <resource>
      <ValueSet>
        <id value="sdr-decedent-DispositionTypeVS"/>
        <text>
          <status value="generated"/>
          <div xmlns="http://www.w3.org/1999/xhtml">
            <p>This value set contains 8 concepts</p>
            <p style="border: black 1px dotted; background-color: #EEEEEE; padding: 8px">Expansion based on http://hl7.org/fhir/v3/NullFlavor version 2016-11-11</p>
            <table class="codes">
              <tr>
                <td style="white-space:nowrap">
                  <b>Code</b>
                </td>
                <td>
                  <b>System</b>
                </td>
                <td>
                  <b>Display</b>
                </td>
                <td>
                  <b>Definition</b>
                </td>
              </tr>
              <tr>
                <td style="white-space:nowrap">
                  <a name="http---snomed.info-sct-449951000124101"> </a>
                  <a href="http://browser.ihtsdotools.org/?perspective=full&amp;conceptId1=449951000124101">449951000124101</a>
                </td>
                <td>http://snomed.info/sct</td>
                <td>Donation</td>
                <td/>
              </tr>
              <tr>
                <td style="white-space:nowrap">
                  <a name="http---snomed.info-sct-449971000124106"> </a>
                  <a href="http://browser.ihtsdotools.org/?perspective=full&amp;conceptId1=449971000124106">449971000124106</a>
                </td>
                <td>http://snomed.info/sct</td>
                <td>Burial</td>
                <td/>
              </tr>
              <tr>
                <td style="white-space:nowrap">
                  <a name="http---snomed.info-sct-449961000124104"> </a>
                  <a href="http://browser.ihtsdotools.org/?perspective=full&amp;conceptId1=449961000124104">449961000124104</a>
                </td>
                <td>http://snomed.info/sct</td>
                <td>Cremation</td>
                <td/>
              </tr>
              <tr>
                <td style="white-space:nowrap">
                  <a name="http---snomed.info-sct-449931000124108"> </a>
                  <a href="http://browser.ihtsdotools.org/?perspective=full&amp;conceptId1=449931000124108">449931000124108</a>
                </td>
                <td>http://snomed.info/sct</td>
                <td>Entombment</td>
                <td/>
              </tr>
              <tr>
                <td style="white-space:nowrap">
                  <a name="http---snomed.info-sct-449941000124103"> </a>
                  <a href="http://browser.ihtsdotools.org/?perspective=full&amp;conceptId1=449941000124103">449941000124103</a>
                </td>
                <td>http://snomed.info/sct</td>
                <td>Removal from state</td>
                <td/>
              </tr>
              <tr>
                <td style="white-space:nowrap">
                  <a name="http---snomed.info-sct-455401000124109"> </a>
                  <a href="http://browser.ihtsdotools.org/?perspective=full&amp;conceptId1=455401000124109">455401000124109</a>
                </td>
                <td>http://snomed.info/sct</td>
                <td>Hospital Disposition</td>
                <td/>
              </tr>
              <tr>
                <td style="white-space:nowrap">
                  <a name="http---hl7.org-fhir-v3-NullFlavor-UNK"> </a>
                  <a href="http://hl7.org/fhir/STU3/v3/NullFlavor/cs.html#v3-NullFlavor-UNK">UNK</a>
                </td>
                <td>http://hl7.org/fhir/v3/NullFlavor</td>
                <td>Unknown</td>
                <td>Description:A proper value is applicable, but not known.

                        
                           Usage Notes: This means the actual value is not known.  If the only thing that is unknown is how to properly express the value in the necessary constraints (value set, datatype, etc.), then the OTH or UNC flavor should be used.  No properties should be included for a datatype with this property unless:

                        
                           Those properties themselves directly translate to a semantic of &quot;unknown&quot;.  (E.g. a local code sent as a translation that conveys &#39;unknown&#39;)
                           Those properties further qualify the nature of what is unknown.  (E.g. specifying a use code of &quot;H&quot; and a URL prefix of &quot;tel:&quot; to convey that it is the home phone number that is unknown.)</td>
              </tr>
              <tr>
                <td style="white-space:nowrap">
                  <a name="http---hl7.org-fhir-v3-NullFlavor-OTH"> </a>
                  <a href="http://hl7.org/fhir/STU3/v3/NullFlavor/cs.html#v3-NullFlavor-OTH">OTH</a>
                </td>
                <td>http://hl7.org/fhir/v3/NullFlavor</td>
                <td>Other</td>
                <td>Description:The actual value is not a member of the set of permitted data values in the constrained value domain of a variable. (e.g., concept not provided by required code system).

                        
                           Usage Notes: This flavor and its specializations are most commonly used with the CD datatype and its flavors.  However, it may apply to *any* datatype where the constraints of the type are tighter than can be conveyed.  For example, a PQ that is for a true measured amount whose units are not supported in UCUM, a need to convey a REAL when the type has been constrained to INT, etc.

                        With coded datatypes, this null flavor may only be used if the vocabulary binding has a coding strength of CNE.  By definition, all local codes and original text are part of the value set if the coding strength is CWE.</td>
              </tr>
            </table>
          </div>
        </text>
        <url value="http://github.com/nightingaleproject/fhirDeathRecord/sdr/decedent/vs/DispositionTypeVS"/>
        <identifier>
          <system value="http://github.com/nightingaleproject/fhirDeathRecord"/>
          <value value="sdr.decedent.DispositionTypeVS"/>
        </identifier>
        <version value="0.1.0"/>
        <name value="DispositionTypeVS"/>
        <title value="SDR DispositionTypeVS ValueSet"/>
        <status value="draft"/>
        <date value="2018-04-11T00:00:00-04:00"/>
        <publisher value="The MITRE Corporation: Nightingale Project"/>
        <contact>
          <telecom>
            <system value="url"/>
            <value value="http://github.com/nightingaleproject/fhirDeathRecord"/>
          </telecom>
        </contact>
        <description value="Method of disposition of decedent&#39;s remains. Corresponds to the allowed values for item 18 of the [U.S. Standard Certificate of Death](https://www.cdc.gov/nchs/data/dvs/DEATH11-03final-ACC.pdf)."/>
        <expansion>
          <identifier value="urn:uuid:e671bc13-8d08-441f-859b-867f2d2a990e"/>
          <timestamp value="2018-04-11T11:39:45-04:00"/>
          <total value="8"/>
          <parameter>
            <name value="profile"/>
            <valueUri value="http://hl7.org/fhir/ExpansionProfile/dc8fd4bc-091a-424a-8a3b-6198ef146891"/>
          </parameter>
          <parameter>
            <name value="expansion-profile"/>
            <valueString value="http://hl7.org/fhir/ExpansionProfile/dc8fd4bc-091a-424a-8a3b-6198ef146891"/>
          </parameter>
          <parameter>
            <name value="limitedExpansion"/>
            <valueBoolean value="true"/>
          </parameter>
          <parameter>
            <name value="version"/>
            <valueUri value="http://snomed.info/sct?version=http://snomed.info/sct/731000124108/version/20160901"/>
          </parameter>
          <parameter>
            <name value="version"/>
            <valueUri value="http://hl7.org/fhir/v3/NullFlavor|2016-11-11"/>
          </parameter>
          <contains>
            <system value="http://snomed.info/sct"/>
            <code value="449951000124101"/>
            <display value="Donation"/>
          </contains>
          <contains>
            <system value="http://snomed.info/sct"/>
            <code value="449971000124106"/>
            <display value="Burial"/>
          </contains>
          <contains>
            <system value="http://snomed.info/sct"/>
            <code value="449961000124104"/>
            <display value="Cremation"/>
          </contains>
          <contains>
            <system value="http://snomed.info/sct"/>
            <code value="449931000124108"/>
            <display value="Entombment"/>
          </contains>
          <contains>
            <system value="http://snomed.info/sct"/>
            <code value="449941000124103"/>
            <display value="Removal from state"/>
          </contains>
          <contains>
            <system value="http://snomed.info/sct"/>
            <code value="455401000124109"/>
            <display value="Hospital Disposition"/>
          </contains>
          <contains>
            <system value="http://hl7.org/fhir/v3/NullFlavor"/>
            <code value="UNK"/>
            <display value="Unknown"/>
          </contains>
          <contains>
            <system value="http://hl7.org/fhir/v3/NullFlavor"/>
            <code value="OTH"/>
            <display value="Other"/>
          </contains>
        </expansion>
      </ValueSet>
    </resource>
  </entry>
  <entry>
    <fullUrl value="http://github.com/nightingaleproject/fhirDeathRecord/sdr/decedent/vs/EducationVS"/>
    <resource>
      <ValueSet>
        <id value="sdr-decedent-EducationVS"/>
        <text>
          <status value="generated"/>
          <div xmlns="http://www.w3.org/1999/xhtml">
            <p>This value set contains 9 concepts</p>
            <p style="border: black 1px dotted; background-color: #EEEEEE; padding: 8px">Expansion based on http://hl7.org/fhir/v3/NullFlavor version 2016-11-11, http://github.com/nightingaleproject/fhirDeathRecord/sdr/decedent/cs/EducationCS version 0.1.0</p>
            <table class="codes">
              <tr>
                <td style="white-space:nowrap">
                  <b>Code</b>
                </td>
                <td>
                  <b>System</b>
                </td>
                <td>
                  <b>Display</b>
                </td>
                <td>
                  <b>Definition</b>
                </td>
              </tr>
              <tr>
                <td style="white-space:nowrap">
                  <a name="http---github.com-nightingaleproject-fhirDeathRecord-sdr-decedent-cs-EducationCS-PHC1448"> </a>
                  <a href="CodeSystem-sdr-decedent-EducationCS.html#sdr-decedent-EducationCS-PHC1448">PHC1448</a>
                </td>
                <td>http://github.com/nightingaleproject/fhirDeathRecord/sdr/decedent/cs/EducationCS</td>
                <td>8th grade or less</td>
                <td>8th grade or less</td>
              </tr>
              <tr>
                <td style="white-space:nowrap">
                  <a name="http---github.com-nightingaleproject-fhirDeathRecord-sdr-decedent-cs-EducationCS-PHC1449"> </a>
                  <a href="CodeSystem-sdr-decedent-EducationCS.html#sdr-decedent-EducationCS-PHC1449">PHC1449</a>
                </td>
                <td>http://github.com/nightingaleproject/fhirDeathRecord/sdr/decedent/cs/EducationCS</td>
                <td>9th through 12th grade; no diploma</td>
                <td>9th through 12th grade; no diploma</td>
              </tr>
              <tr>
                <td style="white-space:nowrap">
                  <a name="http---github.com-nightingaleproject-fhirDeathRecord-sdr-decedent-cs-EducationCS-PHC1450"> </a>
                  <a href="CodeSystem-sdr-decedent-EducationCS.html#sdr-decedent-EducationCS-PHC1450">PHC1450</a>
                </td>
                <td>http://github.com/nightingaleproject/fhirDeathRecord/sdr/decedent/cs/EducationCS</td>
                <td>High School Graduate or GED Completed</td>
                <td>High School Graduate or GED Completed</td>
              </tr>
              <tr>
                <td style="white-space:nowrap">
                  <a name="http---github.com-nightingaleproject-fhirDeathRecord-sdr-decedent-cs-EducationCS-PHC1451"> </a>
                  <a href="CodeSystem-sdr-decedent-EducationCS.html#sdr-decedent-EducationCS-PHC1451">PHC1451</a>
                </td>
                <td>http://github.com/nightingaleproject/fhirDeathRecord/sdr/decedent/cs/EducationCS</td>
                <td>Some college credit, but no degree</td>
                <td>Some college credit, but no degree</td>
              </tr>
              <tr>
                <td style="white-space:nowrap">
                  <a name="http---github.com-nightingaleproject-fhirDeathRecord-sdr-decedent-cs-EducationCS-PHC1452"> </a>
                  <a href="CodeSystem-sdr-decedent-EducationCS.html#sdr-decedent-EducationCS-PHC1452">PHC1452</a>
                </td>
                <td>http://github.com/nightingaleproject/fhirDeathRecord/sdr/decedent/cs/EducationCS</td>
                <td>Associate Degree</td>
                <td>Associate Degree</td>
              </tr>
              <tr>
                <td style="white-space:nowrap">
                  <a name="http---github.com-nightingaleproject-fhirDeathRecord-sdr-decedent-cs-EducationCS-PHC1453"> </a>
                  <a href="CodeSystem-sdr-decedent-EducationCS.html#sdr-decedent-EducationCS-PHC1453">PHC1453</a>
                </td>
                <td>http://github.com/nightingaleproject/fhirDeathRecord/sdr/decedent/cs/EducationCS</td>
                <td>Bachelor&#39;s Degree</td>
                <td>Bachelor&#39;s Degree</td>
              </tr>
              <tr>
                <td style="white-space:nowrap">
                  <a name="http---github.com-nightingaleproject-fhirDeathRecord-sdr-decedent-cs-EducationCS-PHC1454"> </a>
                  <a href="CodeSystem-sdr-decedent-EducationCS.html#sdr-decedent-EducationCS-PHC1454">PHC1454</a>
                </td>
                <td>http://github.com/nightingaleproject/fhirDeathRecord/sdr/decedent/cs/EducationCS</td>
                <td>Master&#39;s Degree</td>
                <td>Master&#39;s Degree</td>
              </tr>
              <tr>
                <td style="white-space:nowrap">
                  <a name="http---github.com-nightingaleproject-fhirDeathRecord-sdr-decedent-cs-EducationCS-PHC1455"> </a>
                  <a href="CodeSystem-sdr-decedent-EducationCS.html#sdr-decedent-EducationCS-PHC1455">PHC1455</a>
                </td>
                <td>http://github.com/nightingaleproject/fhirDeathRecord/sdr/decedent/cs/EducationCS</td>
                <td>Doctorate Degree or Professional Degree</td>
                <td>Doctorate Degree or Professional Degree</td>
              </tr>
              <tr>
                <td style="white-space:nowrap">
                  <a name="http---hl7.org-fhir-v3-NullFlavor-UNK"> </a>
                  <a href="http://hl7.org/fhir/STU3/v3/NullFlavor/cs.html#v3-NullFlavor-UNK">UNK</a>
                </td>
                <td>http://hl7.org/fhir/v3/NullFlavor</td>
                <td>Unknown</td>
                <td>Description:A proper value is applicable, but not known.

                        
                           Usage Notes: This means the actual value is not known.  If the only thing that is unknown is how to properly express the value in the necessary constraints (value set, datatype, etc.), then the OTH or UNC flavor should be used.  No properties should be included for a datatype with this property unless:

                        
                           Those properties themselves directly translate to a semantic of &quot;unknown&quot;.  (E.g. a local code sent as a translation that conveys &#39;unknown&#39;)
                           Those properties further qualify the nature of what is unknown.  (E.g. specifying a use code of &quot;H&quot; and a URL prefix of &quot;tel:&quot; to convey that it is the home phone number that is unknown.)</td>
              </tr>
            </table>
          </div>
        </text>
        <url value="http://github.com/nightingaleproject/fhirDeathRecord/sdr/decedent/vs/EducationVS"/>
        <identifier>
          <system value="http://github.com/nightingaleproject/fhirDeathRecord"/>
          <value value="sdr.decedent.EducationVS"/>
        </identifier>
        <version value="0.1.0"/>
        <name value="EducationVS"/>
        <title value="SDR EducationVS ValueSet"/>
        <status value="draft"/>
        <date value="2018-04-11T00:00:00-04:00"/>
        <publisher value="The MITRE Corporation: Nightingale Project"/>
        <contact>
          <telecom>
            <system value="url"/>
            <value value="http://github.com/nightingaleproject/fhirDeathRecord"/>
          </telecom>
        </contact>
        <description value="Decedent&#39;s education. Corresponds to the allowed values for item 51 of the [U.S. Standard Certificate of Death](https://www.cdc.gov/nchs/data/dvs/DEATH11-03final-ACC.pdf). Most of the codes in this value set belong to the [PHIN VS code system](http://phinvads.cdc.gov/vads/ViewCodeSystem.action?id=2.16.840.1.114222.4.5.274) but this is not currently supported as a [standard FHIR code system](https://www.hl7.org/fhir/terminologies-systems.html)."/>
        <expansion>
          <identifier value="urn:uuid:164fc927-3fa0-4441-843b-3561f9369c65"/>
          <timestamp value="2018-04-11T13:51:37-04:00"/>
          <total value="9"/>
          <parameter>
            <name value="profile"/>
            <valueUri value="http://hl7.org/fhir/ExpansionProfile/dc8fd4bc-091a-424a-8a3b-6198ef146891"/>
          </parameter>
          <parameter>
            <name value="version"/>
            <valueUri value="http://github.com/nightingaleproject/fhirDeathRecord/sdr/decedent/cs/EducationCS|0.1.0"/>
          </parameter>
          <parameter>
            <name value="version"/>
            <valueUri value="http://hl7.org/fhir/v3/NullFlavor|2016-11-11"/>
          </parameter>
          <contains>
            <system value="http://github.com/nightingaleproject/fhirDeathRecord/sdr/decedent/cs/EducationCS"/>
            <code value="PHC1448"/>
            <display value="8th grade or less"/>
          </contains>
          <contains>
            <system value="http://github.com/nightingaleproject/fhirDeathRecord/sdr/decedent/cs/EducationCS"/>
            <code value="PHC1449"/>
            <display value="9th through 12th grade; no diploma"/>
          </contains>
          <contains>
            <system value="http://github.com/nightingaleproject/fhirDeathRecord/sdr/decedent/cs/EducationCS"/>
            <code value="PHC1450"/>
            <display value="High School Graduate or GED Completed"/>
          </contains>
          <contains>
            <system value="http://github.com/nightingaleproject/fhirDeathRecord/sdr/decedent/cs/EducationCS"/>
            <code value="PHC1451"/>
            <display value="Some college credit, but no degree"/>
          </contains>
          <contains>
            <system value="http://github.com/nightingaleproject/fhirDeathRecord/sdr/decedent/cs/EducationCS"/>
            <code value="PHC1452"/>
            <display value="Associate Degree"/>
          </contains>
          <contains>
            <system value="http://github.com/nightingaleproject/fhirDeathRecord/sdr/decedent/cs/EducationCS"/>
            <code value="PHC1453"/>
            <display value="Bachelor&#39;s Degree"/>
          </contains>
          <contains>
            <system value="http://github.com/nightingaleproject/fhirDeathRecord/sdr/decedent/cs/EducationCS"/>
            <code value="PHC1454"/>
            <display value="Master&#39;s Degree"/>
          </contains>
          <contains>
            <system value="http://github.com/nightingaleproject/fhirDeathRecord/sdr/decedent/cs/EducationCS"/>
            <code value="PHC1455"/>
            <display value="Doctorate Degree or Professional Degree"/>
          </contains>
          <contains>
            <system value="http://hl7.org/fhir/v3/NullFlavor"/>
            <code value="UNK"/>
            <display value="Unknown"/>
          </contains>
        </expansion>
      </ValueSet>
    </resource>
  </entry>
  <entry>
    <fullUrl value="http://github.com/nightingaleproject/fhirDeathRecord/sdr/causeOfDeath/vs/MannerOfDeathVS"/>
    <resource>
      <ValueSet>
        <id value="sdr-causeOfDeath-MannerOfDeathVS"/>
        <text>
          <status value="generated"/>
          <div xmlns="http://www.w3.org/1999/xhtml">
            <p>This value set contains 6 concepts</p>
            <p>All codes from system 
              <a href="http://hl7.org/fhir/STU3/codesystem-snomedct.html">
                <code>http://snomed.info/sct</code>
              </a>
            </p>
            <table class="codes">
              <tr>
                <td style="white-space:nowrap">
                  <b>Code</b>
                </td>
                <td>
                  <b>Display</b>
                </td>
                <td>
                  <b>Definition</b>
                </td>
              </tr>
              <tr>
                <td style="white-space:nowrap">
                  <a name="http---snomed.info-sct-38605008"> </a>
                  <a href="http://browser.ihtsdotools.org/?perspective=full&amp;conceptId1=38605008">38605008</a>
                </td>
                <td>Natural</td>
                <td/>
              </tr>
              <tr>
                <td style="white-space:nowrap">
                  <a name="http---snomed.info-sct-7878000"> </a>
                  <a href="http://browser.ihtsdotools.org/?perspective=full&amp;conceptId1=7878000">7878000</a>
                </td>
                <td>Accident</td>
                <td/>
              </tr>
              <tr>
                <td style="white-space:nowrap">
                  <a name="http---snomed.info-sct-44301001"> </a>
                  <a href="http://browser.ihtsdotools.org/?perspective=full&amp;conceptId1=44301001">44301001</a>
                </td>
                <td>Suicide</td>
                <td/>
              </tr>
              <tr>
                <td style="white-space:nowrap">
                  <a name="http---snomed.info-sct-27935005"> </a>
                  <a href="http://browser.ihtsdotools.org/?perspective=full&amp;conceptId1=27935005">27935005</a>
                </td>
                <td>Homicide</td>
                <td/>
              </tr>
              <tr>
                <td style="white-space:nowrap">
                  <a name="http---snomed.info-sct-185973002"> </a>
                  <a href="http://browser.ihtsdotools.org/?perspective=full&amp;conceptId1=185973002">185973002</a>
                </td>
                <td>Pending Investigation</td>
                <td/>
              </tr>
              <tr>
                <td style="white-space:nowrap">
                  <a name="http---snomed.info-sct-65037004"> </a>
                  <a href="http://browser.ihtsdotools.org/?perspective=full&amp;conceptId1=65037004">65037004</a>
                </td>
                <td>Could not be determined</td>
                <td/>
              </tr>
            </table>
          </div>
        </text>
        <url value="http://github.com/nightingaleproject/fhirDeathRecord/sdr/causeOfDeath/vs/MannerOfDeathVS"/>
        <identifier>
          <system value="http://github.com/nightingaleproject/fhirDeathRecord"/>
          <value value="sdr.causeOfDeath.MannerOfDeathVS"/>
        </identifier>
        <version value="0.1.0"/>
        <name value="MannerOfDeathVS"/>
        <title value="SDR MannerOfDeathVS ValueSet"/>
        <status value="draft"/>
        <date value="2018-04-11T00:00:00-04:00"/>
        <publisher value="The MITRE Corporation: Nightingale Project"/>
        <contact>
          <telecom>
            <system value="url"/>
            <value value="http://github.com/nightingaleproject/fhirDeathRecord"/>
          </telecom>
        </contact>
        <description value="Manner of death. Corresponds to the allowed values for item 37 of the [U.S. Standard Certificate of Death](https://www.cdc.gov/nchs/data/dvs/DEATH11-03final-ACC.pdf)."/>
        <expansion>
          <identifier value="urn:uuid:e90a7e9d-1bb0-42e2-9c0f-efcbe3ab2ced"/>
          <timestamp value="2018-04-11T11:39:46-04:00"/>
          <total value="6"/>
          <parameter>
            <name value="profile"/>
            <valueUri value="http://hl7.org/fhir/ExpansionProfile/dc8fd4bc-091a-424a-8a3b-6198ef146891"/>
          </parameter>
          <parameter>
            <name value="expansion-profile"/>
            <valueString value="http://hl7.org/fhir/ExpansionProfile/dc8fd4bc-091a-424a-8a3b-6198ef146891"/>
          </parameter>
          <parameter>
            <name value="limitedExpansion"/>
            <valueBoolean value="true"/>
          </parameter>
          <parameter>
            <name value="version"/>
            <valueUri value="http://snomed.info/sct?version=http://snomed.info/sct/731000124108/version/20160901"/>
          </parameter>
          <contains>
            <system value="http://snomed.info/sct"/>
            <code value="38605008"/>
            <display value="Natural"/>
          </contains>
          <contains>
            <system value="http://snomed.info/sct"/>
            <code value="7878000"/>
            <display value="Accident"/>
          </contains>
          <contains>
            <system value="http://snomed.info/sct"/>
            <code value="44301001"/>
            <display value="Suicide"/>
          </contains>
          <contains>
            <system value="http://snomed.info/sct"/>
            <code value="27935005"/>
            <display value="Homicide"/>
          </contains>
          <contains>
            <system value="http://snomed.info/sct"/>
            <code value="185973002"/>
            <display value="Pending Investigation"/>
          </contains>
          <contains>
            <system value="http://snomed.info/sct"/>
            <code value="65037004"/>
            <display value="Could not be determined"/>
          </contains>
        </expansion>
      </ValueSet>
    </resource>
  </entry>
  <entry>
    <fullUrl value="http://github.com/nightingaleproject/fhirDeathRecord/sdr/decedent/vs/PlaceOfDeathTypeVS"/>
    <resource>
      <ValueSet>
        <id value="sdr-decedent-PlaceOfDeathTypeVS"/>
        <text>
          <status value="generated"/>
          <div xmlns="http://www.w3.org/1999/xhtml">
            <p>This value set contains 8 concepts</p>
            <p style="border: black 1px dotted; background-color: #EEEEEE; padding: 8px">Expansion based on http://hl7.org/fhir/v3/NullFlavor version 2016-11-11</p>
            <table class="codes">
              <tr>
                <td style="white-space:nowrap">
                  <b>Code</b>
                </td>
                <td>
                  <b>System</b>
                </td>
                <td>
                  <b>Display</b>
                </td>
                <td>
                  <b>Definition</b>
                </td>
              </tr>
              <tr>
                <td style="white-space:nowrap">
                  <a name="http---snomed.info-sct-63238001"> </a>
                  <a href="http://browser.ihtsdotools.org/?perspective=full&amp;conceptId1=63238001">63238001</a>
                </td>
                <td>http://snomed.info/sct</td>
                <td>Dead on arrival at hospital</td>
                <td/>
              </tr>
              <tr>
                <td style="white-space:nowrap">
                  <a name="http---snomed.info-sct-440081000124100"> </a>
                  <a href="http://browser.ihtsdotools.org/?perspective=full&amp;conceptId1=440081000124100">440081000124100</a>
                </td>
                <td>http://snomed.info/sct</td>
                <td>Death in home</td>
                <td/>
              </tr>
              <tr>
                <td style="white-space:nowrap">
                  <a name="http---snomed.info-sct-440071000124103"> </a>
                  <a href="http://browser.ihtsdotools.org/?perspective=full&amp;conceptId1=440071000124103">440071000124103</a>
                </td>
                <td>http://snomed.info/sct</td>
                <td>Death in hospice</td>
                <td/>
              </tr>
              <tr>
                <td style="white-space:nowrap">
                  <a name="http---snomed.info-sct-16983000"> </a>
                  <a href="http://browser.ihtsdotools.org/?perspective=full&amp;conceptId1=16983000">16983000</a>
                </td>
                <td>http://snomed.info/sct</td>
                <td>Death in hospital</td>
                <td/>
              </tr>
              <tr>
                <td style="white-space:nowrap">
                  <a name="http---snomed.info-sct-450391000124102"> </a>
                  <a href="http://browser.ihtsdotools.org/?perspective=full&amp;conceptId1=450391000124102">450391000124102</a>
                </td>
                <td>http://snomed.info/sct</td>
                <td>Death in hospital-based emergency department or outpatient department</td>
                <td/>
              </tr>
              <tr>
                <td style="white-space:nowrap">
                  <a name="http---snomed.info-sct-450381000124100"> </a>
                  <a href="http://browser.ihtsdotools.org/?perspective=full&amp;conceptId1=450381000124100">450381000124100</a>
                </td>
                <td>http://snomed.info/sct</td>
                <td>Death in nursing home or long term care facility</td>
                <td/>
              </tr>
              <tr>
                <td style="white-space:nowrap">
                  <a name="http---hl7.org-fhir-v3-NullFlavor-UNK"> </a>
                  <a href="http://hl7.org/fhir/STU3/v3/NullFlavor/cs.html#v3-NullFlavor-UNK">UNK</a>
                </td>
                <td>http://hl7.org/fhir/v3/NullFlavor</td>
                <td>Unknown</td>
                <td>Description:A proper value is applicable, but not known.

                        
                           Usage Notes: This means the actual value is not known.  If the only thing that is unknown is how to properly express the value in the necessary constraints (value set, datatype, etc.), then the OTH or UNC flavor should be used.  No properties should be included for a datatype with this property unless:

                        
                           Those properties themselves directly translate to a semantic of &quot;unknown&quot;.  (E.g. a local code sent as a translation that conveys &#39;unknown&#39;)
                           Those properties further qualify the nature of what is unknown.  (E.g. specifying a use code of &quot;H&quot; and a URL prefix of &quot;tel:&quot; to convey that it is the home phone number that is unknown.)</td>
              </tr>
              <tr>
                <td style="white-space:nowrap">
                  <a name="http---hl7.org-fhir-v3-NullFlavor-OTH"> </a>
                  <a href="http://hl7.org/fhir/STU3/v3/NullFlavor/cs.html#v3-NullFlavor-OTH">OTH</a>
                </td>
                <td>http://hl7.org/fhir/v3/NullFlavor</td>
                <td>Other</td>
                <td>Description:The actual value is not a member of the set of permitted data values in the constrained value domain of a variable. (e.g., concept not provided by required code system).

                        
                           Usage Notes: This flavor and its specializations are most commonly used with the CD datatype and its flavors.  However, it may apply to *any* datatype where the constraints of the type are tighter than can be conveyed.  For example, a PQ that is for a true measured amount whose units are not supported in UCUM, a need to convey a REAL when the type has been constrained to INT, etc.

                        With coded datatypes, this null flavor may only be used if the vocabulary binding has a coding strength of CNE.  By definition, all local codes and original text are part of the value set if the coding strength is CWE.</td>
              </tr>
            </table>
          </div>
        </text>
        <url value="http://github.com/nightingaleproject/fhirDeathRecord/sdr/decedent/vs/PlaceOfDeathTypeVS"/>
        <identifier>
          <system value="http://github.com/nightingaleproject/fhirDeathRecord"/>
          <value value="sdr.decedent.PlaceOfDeathTypeVS"/>
        </identifier>
        <version value="0.1.0"/>
        <name value="PlaceOfDeathTypeVS"/>
        <title value="SDR PlaceOfDeathTypeVS ValueSet"/>
        <status value="draft"/>
        <date value="2018-04-11T00:00:00-04:00"/>
        <publisher value="The MITRE Corporation: Nightingale Project"/>
        <contact>
          <telecom>
            <system value="url"/>
            <value value="http://github.com/nightingaleproject/fhirDeathRecord"/>
          </telecom>
        </contact>
        <description value="Place of decedent&#39;s demise. Corresponds to the allowed values for item 14 of the [U.S. Standard Certificate of Death](https://www.cdc.gov/nchs/data/dvs/DEATH11-03final-ACC.pdf)."/>
        <expansion>
          <identifier value="urn:uuid:e4679b44-226b-4dc6-8279-7f40ef103050"/>
          <timestamp value="2018-04-11T11:39:47-04:00"/>
          <total value="8"/>
          <parameter>
            <name value="profile"/>
            <valueUri value="http://hl7.org/fhir/ExpansionProfile/dc8fd4bc-091a-424a-8a3b-6198ef146891"/>
          </parameter>
          <parameter>
            <name value="expansion-profile"/>
            <valueString value="http://hl7.org/fhir/ExpansionProfile/dc8fd4bc-091a-424a-8a3b-6198ef146891"/>
          </parameter>
          <parameter>
            <name value="limitedExpansion"/>
            <valueBoolean value="true"/>
          </parameter>
          <parameter>
            <name value="version"/>
            <valueUri value="http://snomed.info/sct?version=http://snomed.info/sct/731000124108/version/20160901"/>
          </parameter>
          <parameter>
            <name value="version"/>
            <valueUri value="http://hl7.org/fhir/v3/NullFlavor|2016-11-11"/>
          </parameter>
          <contains>
            <system value="http://snomed.info/sct"/>
            <code value="63238001"/>
            <display value="Dead on arrival at hospital"/>
          </contains>
          <contains>
            <system value="http://snomed.info/sct"/>
            <code value="440081000124100"/>
            <display value="Death in home"/>
          </contains>
          <contains>
            <system value="http://snomed.info/sct"/>
            <code value="440071000124103"/>
            <display value="Death in hospice"/>
          </contains>
          <contains>
            <system value="http://snomed.info/sct"/>
            <code value="16983000"/>
            <display value="Death in hospital"/>
          </contains>
          <contains>
            <system value="http://snomed.info/sct"/>
            <code value="450391000124102"/>
            <display value="Death in hospital-based emergency department or outpatient department"/>
          </contains>
          <contains>
            <system value="http://snomed.info/sct"/>
            <code value="450381000124100"/>
            <display value="Death in nursing home or long term care facility"/>
          </contains>
          <contains>
            <system value="http://hl7.org/fhir/v3/NullFlavor"/>
            <code value="UNK"/>
            <display value="Unknown"/>
          </contains>
          <contains>
            <system value="http://hl7.org/fhir/v3/NullFlavor"/>
            <code value="OTH"/>
            <display value="Other"/>
          </contains>
        </expansion>
      </ValueSet>
    </resource>
  </entry>
  <entry>
    <fullUrl value="http://github.com/nightingaleproject/fhirDeathRecord/sdr/causeOfDeath/vs/PregnancyStatusVS"/>
    <resource>
      <ValueSet>
        <id value="sdr-causeOfDeath-PregnancyStatusVS"/>
        <text>
          <status value="generated"/>
          <div xmlns="http://www.w3.org/1999/xhtml">
            <p>This value set contains 6 concepts</p>
            <p style="border: black 1px dotted; background-color: #EEEEEE; padding: 8px">Expansion based on http://hl7.org/fhir/v3/NullFlavor version 2016-11-11, http://github.com/nightingaleproject/fhirDeathRecord/sdr/causeOfDeath/cs/PregnancyStatusCS version 0.1.0</p>
            <table class="codes">
              <tr>
                <td style="white-space:nowrap">
                  <b>Code</b>
                </td>
                <td>
                  <b>System</b>
                </td>
                <td>
                  <b>Display</b>
                </td>
                <td>
                  <b>Definition</b>
                </td>
              </tr>
              <tr>
                <td style="white-space:nowrap">
                  <a name="http---github.com-nightingaleproject-fhirDeathRecord-sdr-causeOfDeath-cs-PregnancyStatusCS-PHC1260"> </a>
                  <a href="CodeSystem-sdr-causeOfDeath-PregnancyStatusCS.html#sdr-causeOfDeath-PregnancyStatusCS-PHC1260">PHC1260</a>
                </td>
                <td>http://github.com/nightingaleproject/fhirDeathRecord/sdr/causeOfDeath/cs/PregnancyStatusCS</td>
                <td>Not pregnant within past year</td>
                <td>Not pregnant within past year</td>
              </tr>
              <tr>
                <td style="white-space:nowrap">
                  <a name="http---github.com-nightingaleproject-fhirDeathRecord-sdr-causeOfDeath-cs-PregnancyStatusCS-PHC1261"> </a>
                  <a href="CodeSystem-sdr-causeOfDeath-PregnancyStatusCS.html#sdr-causeOfDeath-PregnancyStatusCS-PHC1261">PHC1261</a>
                </td>
                <td>http://github.com/nightingaleproject/fhirDeathRecord/sdr/causeOfDeath/cs/PregnancyStatusCS</td>
                <td>Pregnant at time of death</td>
                <td>Pregnant at time of death</td>
              </tr>
              <tr>
                <td style="white-space:nowrap">
                  <a name="http---github.com-nightingaleproject-fhirDeathRecord-sdr-causeOfDeath-cs-PregnancyStatusCS-PHC1262"> </a>
                  <a href="CodeSystem-sdr-causeOfDeath-PregnancyStatusCS.html#sdr-causeOfDeath-PregnancyStatusCS-PHC1262">PHC1262</a>
                </td>
                <td>http://github.com/nightingaleproject/fhirDeathRecord/sdr/causeOfDeath/cs/PregnancyStatusCS</td>
                <td>Not pregnant, but pregnant within 42 days of death</td>
                <td>Not pregnant, but pregnant within 42 days of death</td>
              </tr>
              <tr>
                <td style="white-space:nowrap">
                  <a name="http---github.com-nightingaleproject-fhirDeathRecord-sdr-causeOfDeath-cs-PregnancyStatusCS-PHC1263"> </a>
                  <a href="CodeSystem-sdr-causeOfDeath-PregnancyStatusCS.html#sdr-causeOfDeath-PregnancyStatusCS-PHC1263">PHC1263</a>
                </td>
                <td>http://github.com/nightingaleproject/fhirDeathRecord/sdr/causeOfDeath/cs/PregnancyStatusCS</td>
                <td>Not pregnant, but pregnant 43 days to 1 year before death</td>
                <td>Not pregnant, but pregnant 43 days to 1 year before death</td>
              </tr>
              <tr>
                <td style="white-space:nowrap">
                  <a name="http---github.com-nightingaleproject-fhirDeathRecord-sdr-causeOfDeath-cs-PregnancyStatusCS-PHC1264"> </a>
                  <a href="CodeSystem-sdr-causeOfDeath-PregnancyStatusCS.html#sdr-causeOfDeath-PregnancyStatusCS-PHC1264">PHC1264</a>
                </td>
                <td>http://github.com/nightingaleproject/fhirDeathRecord/sdr/causeOfDeath/cs/PregnancyStatusCS</td>
                <td>Unknown if pregnant within the past year</td>
                <td>Unknown if pregnant within the past year</td>
              </tr>
              <tr>
                <td style="white-space:nowrap">
                  <a name="http---hl7.org-fhir-v3-NullFlavor-NA"> </a>
                  <a href="http://hl7.org/fhir/STU3/v3/NullFlavor/cs.html#v3-NullFlavor-NA">NA</a>
                </td>
                <td>http://hl7.org/fhir/v3/NullFlavor</td>
                <td>Not applicable</td>
                <td>Known to have no proper value (e.g., last menstrual period for a male).</td>
              </tr>
            </table>
          </div>
        </text>
        <url value="http://github.com/nightingaleproject/fhirDeathRecord/sdr/causeOfDeath/vs/PregnancyStatusVS"/>
        <identifier>
          <system value="http://github.com/nightingaleproject/fhirDeathRecord"/>
          <value value="sdr.causeOfDeath.PregnancyStatusVS"/>
        </identifier>
        <version value="0.1.0"/>
        <name value="PregnancyStatusVS"/>
        <title value="SDR PregnancyStatusVS ValueSet"/>
        <status value="draft"/>
        <date value="2018-04-11T00:00:00-04:00"/>
        <publisher value="The MITRE Corporation: Nightingale Project"/>
        <contact>
          <telecom>
            <system value="url"/>
            <value value="http://github.com/nightingaleproject/fhirDeathRecord"/>
          </telecom>
        </contact>
        <description value="Whether the decedent was pregnant at or around the time of death. Corresponds to the allowed values for item 36 of the [U.S. Standard Certificate of Death](https://www.cdc.gov/nchs/data/dvs/DEATH11-03final-ACC.pdf). Most of the codes in this value set belong to the [PHIN VS code system](http://phinvads.cdc.gov/vads/ViewCodeSystem.action?id=2.16.840.1.114222.4.5.274) but this is not currently supported as a [standard FHIR code system](https://www.hl7.org/fhir/terminologies-systems.html)."/>
        <expansion>
          <identifier value="urn:uuid:b2041d29-cb9b-4151-af66-6b86fbb696f8"/>
          <timestamp value="2018-04-11T11:39:47-04:00"/>
          <total value="6"/>
          <parameter>
            <name value="profile"/>
            <valueUri value="http://hl7.org/fhir/ExpansionProfile/dc8fd4bc-091a-424a-8a3b-6198ef146891"/>
          </parameter>
          <parameter>
            <name value="version"/>
            <valueUri value="http://github.com/nightingaleproject/fhirDeathRecord/sdr/causeOfDeath/cs/PregnancyStatusCS|0.1.0"/>
          </parameter>
          <parameter>
            <name value="version"/>
            <valueUri value="http://hl7.org/fhir/v3/NullFlavor|2016-11-11"/>
          </parameter>
          <contains>
            <system value="http://github.com/nightingaleproject/fhirDeathRecord/sdr/causeOfDeath/cs/PregnancyStatusCS"/>
            <code value="PHC1260"/>
            <display value="Not pregnant within past year"/>
          </contains>
          <contains>
            <system value="http://github.com/nightingaleproject/fhirDeathRecord/sdr/causeOfDeath/cs/PregnancyStatusCS"/>
            <code value="PHC1261"/>
            <display value="Pregnant at time of death"/>
          </contains>
          <contains>
            <system value="http://github.com/nightingaleproject/fhirDeathRecord/sdr/causeOfDeath/cs/PregnancyStatusCS"/>
            <code value="PHC1262"/>
            <display value="Not pregnant, but pregnant within 42 days of death"/>
          </contains>
          <contains>
            <system value="http://github.com/nightingaleproject/fhirDeathRecord/sdr/causeOfDeath/cs/PregnancyStatusCS"/>
            <code value="PHC1263"/>
            <display value="Not pregnant, but pregnant 43 days to 1 year before death"/>
          </contains>
          <contains>
            <system value="http://github.com/nightingaleproject/fhirDeathRecord/sdr/causeOfDeath/cs/PregnancyStatusCS"/>
            <code value="PHC1264"/>
            <display value="Unknown if pregnant within the past year"/>
          </contains>
          <contains>
            <system value="http://hl7.org/fhir/v3/NullFlavor"/>
            <code value="NA"/>
            <display value="Not applicable"/>
          </contains>
        </expansion>
      </ValueSet>
    </resource>
  </entry>
  <entry>
    <fullUrl value="http://github.com/nightingaleproject/fhirDeathRecord/sdr/causeOfDeath/vs/TransportRelationshipsVS"/>
    <resource>
      <ValueSet>
        <id value="sdr-causeOfDeath-TransportRelationshipsVS"/>
        <text>
          <status value="generated"/>
          <div xmlns="http://www.w3.org/1999/xhtml">
            <p>This value set contains 4 concepts</p>
            <p style="border: black 1px dotted; background-color: #EEEEEE; padding: 8px">Expansion based on http://hl7.org/fhir/v3/NullFlavor version 2016-11-11</p>
            <table class="codes">
              <tr>
                <td style="white-space:nowrap">
                  <b>Code</b>
                </td>
                <td>
                  <b>System</b>
                </td>
                <td>
                  <b>Display</b>
                </td>
                <td>
                  <b>Definition</b>
                </td>
              </tr>
              <tr>
                <td style="white-space:nowrap">
                  <a name="http---snomed.info-sct-236320001"> </a>
                  <a href="http://browser.ihtsdotools.org/?perspective=full&amp;conceptId1=236320001">236320001</a>
                </td>
                <td>http://snomed.info/sct</td>
                <td>Vehicle driver</td>
                <td/>
              </tr>
              <tr>
                <td style="white-space:nowrap">
                  <a name="http---snomed.info-sct-257500003"> </a>
                  <a href="http://browser.ihtsdotools.org/?perspective=full&amp;conceptId1=257500003">257500003</a>
                </td>
                <td>http://snomed.info/sct</td>
                <td>Passenger</td>
                <td/>
              </tr>
              <tr>
                <td style="white-space:nowrap">
                  <a name="http---snomed.info-sct-257518000"> </a>
                  <a href="http://browser.ihtsdotools.org/?perspective=full&amp;conceptId1=257518000">257518000</a>
                </td>
                <td>http://snomed.info/sct</td>
                <td>Pedestrian</td>
                <td/>
              </tr>
              <tr>
                <td style="white-space:nowrap">
                  <a name="http---hl7.org-fhir-v3-NullFlavor-OTH"> </a>
                  <a href="http://hl7.org/fhir/STU3/v3/NullFlavor/cs.html#v3-NullFlavor-OTH">OTH</a>
                </td>
                <td>http://hl7.org/fhir/v3/NullFlavor</td>
                <td>Other</td>
                <td>Description:The actual value is not a member of the set of permitted data values in the constrained value domain of a variable. (e.g., concept not provided by required code system).

                        
                           Usage Notes: This flavor and its specializations are most commonly used with the CD datatype and its flavors.  However, it may apply to *any* datatype where the constraints of the type are tighter than can be conveyed.  For example, a PQ that is for a true measured amount whose units are not supported in UCUM, a need to convey a REAL when the type has been constrained to INT, etc.

                        With coded datatypes, this null flavor may only be used if the vocabulary binding has a coding strength of CNE.  By definition, all local codes and original text are part of the value set if the coding strength is CWE.</td>
              </tr>
            </table>
          </div>
        </text>
        <url value="http://github.com/nightingaleproject/fhirDeathRecord/sdr/causeOfDeath/vs/TransportRelationshipsVS"/>
        <identifier>
          <system value="http://github.com/nightingaleproject/fhirDeathRecord"/>
          <value value="sdr.causeOfDeath.TransportRelationshipsVS"/>
        </identifier>
        <version value="0.1.0"/>
        <name value="TransportRelationshipsVS"/>
        <title value="SDR TransportRelationshipsVS ValueSet"/>
        <status value="draft"/>
        <date value="2018-04-11T00:00:00-04:00"/>
        <publisher value="The MITRE Corporation: Nightingale Project"/>
        <contact>
          <telecom>
            <system value="url"/>
            <value value="http://github.com/nightingaleproject/fhirDeathRecord"/>
          </telecom>
        </contact>
        <description value="Transportation Relationships (NCHS). Corresponds to the allowed values for item 44 of the [U.S. Standard Certificate of Death](https://www.cdc.gov/nchs/data/dvs/DEATH11-03final-ACC.pdf)."/>
        <expansion>
          <identifier value="urn:uuid:e16ddf53-0772-486e-b1e9-8b20f72325b0"/>
          <timestamp value="2018-04-11T11:39:48-04:00"/>
          <total value="4"/>
          <parameter>
            <name value="profile"/>
            <valueUri value="http://hl7.org/fhir/ExpansionProfile/dc8fd4bc-091a-424a-8a3b-6198ef146891"/>
          </parameter>
          <parameter>
            <name value="expansion-profile"/>
            <valueString value="http://hl7.org/fhir/ExpansionProfile/dc8fd4bc-091a-424a-8a3b-6198ef146891"/>
          </parameter>
          <parameter>
            <name value="limitedExpansion"/>
            <valueBoolean value="true"/>
          </parameter>
          <parameter>
            <name value="version"/>
            <valueUri value="http://snomed.info/sct?version=http://snomed.info/sct/731000124108/version/20160901"/>
          </parameter>
          <parameter>
            <name value="version"/>
            <valueUri value="http://hl7.org/fhir/v3/NullFlavor|2016-11-11"/>
          </parameter>
          <contains>
            <system value="http://snomed.info/sct"/>
            <code value="236320001"/>
            <display value="Vehicle driver"/>
          </contains>
          <contains>
            <system value="http://snomed.info/sct"/>
            <code value="257500003"/>
            <display value="Passenger"/>
          </contains>
          <contains>
            <system value="http://snomed.info/sct"/>
            <code value="257518000"/>
            <display value="Pedestrian"/>
          </contains>
          <contains>
            <system value="http://hl7.org/fhir/v3/NullFlavor"/>
            <code value="OTH"/>
            <display value="Other"/>
          </contains>
        </expansion>
      </ValueSet>
    </resource>
  </entry>
</Bundle>